Name,Yr.,Pos.,Ht.,Wt.,YOB,Hometown,Last Team,team,held_by,Draft Year,Draft Team,Draft Round
Beau Janzig,Jr,D,6-1,210,2003.0,"Hermantown, Minn.",Minnesota (NAHL),air-force,, , ,-
Ren Morque,Jr,D,6-1,195,2003.0,"Grand Rapids, Minn.",Minnesota (NAHL),air-force,, , ,-
Francois DeVilliers,Fr,F,5-10,170,2005.0,"Irvine, Calif.",Brooks (BCHL),air-force,, , ,-
Simon Houge,So,D,5-8,170,2004.0,"Woodbury, Minn.",West Kelowna (BCHL),air-force,, , ,-
Jake Peterson,Jr,D,6-2,190,2003.0,"Rosemount, Minn.",Bismarck (NAHL),air-force,, , ,-
Cole Christian,So,F,5-9,170,2004.0,"Duluth, Minn.",Anchorage (NAHL),air-force,, , ,-
Anthony Yu,Jr,F,5-9,170,2004.0,"Baldwin Park, Calif.",Powell River (BCHL),air-force,, , ,-
Oliver Genest,So,F,6-1,195,2004.0,"Sanford, Maine",New Hampshire (NAHL),air-force,, , ,-
Brady Arneson,Fr,F,5-11,185,2005.0,"Red Wing, Minn.",Omaha (USHL),air-force,, , ,-
Duke Gentzler,Fr,F,6-1,185,2005.0,"Manhattan Beach, Calif.",Anchorage (NAHL),air-force,, , ,-
Gavin Reed,Fr,D,6-4,218,2005.0,"Dayton, Minn.",Aberdeen (NAHL),air-force,, , ,-
Owen Dubois,Sr,F,6-4,205,2002.0,"Madison, Wis.",Aberdeen (NAHL),air-force,, , ,-
Zander Lipsett,Fr,F,6-4,190,2005.0,"Lexington, Ky.",Austin (NAHL),air-force,, , ,-
Harper Searles,Fr,F,5-9,173,2005.0,"Blaine, Minn.",Des Moines (USHL),air-force,, , ,-
Christian Kim,Fr,F,5-7,165,2005.0,"Torrance, Calif.",Trail (BCHL),air-force,, , ,-
Calvin Beard,So,D,6-2,195,2005.0,"Southborough, Mass.",Powell (BCHL),air-force,, , ,-
Nolan Cunningham,Sr,D,6-2,195,2001.0,"Great Falls, Mont.",Fairbanks (NAHL),air-force,, , ,-
Hayden Nichol,So,F,6-2,195,2003.0,"Rochester, N.Y.",Shreveport (NAHL),air-force,, , ,-
Garin Ludwig,Fr,D,5-9,185,2006.0,"Eagle River, Alaska",Vernon (BCHL),air-force,, , ,-
Nick Sajevic,Jr,F,5-11,180,2003.0,"Shoreview, Minn.",Janesville (NAHL),air-force,, , ,-
Carson Pavlowich,Fr,D,6-3,195,2006.0,"Proctor, Minn.",West Kelowna (BCHL),air-force,, , ,-
Sam Stitz,Jr,F,6-1,205,2003.0,"Perry Hall, Md.",Maryland (NAHL),air-force,, , ,-
Dominik Wasik,Sr,G,6-1,170,2002.0,"Superior, Wisc.",Steinback (MJHL),air-force,, , ,-
Jack Solomon,Fr,G,6-2,190,2005.0,"St. Louis, Mo.",Austin (NAHL),air-force,, , ,-
Carter Clafton,Sr,G,6-1,175,2002.0,"Grand Rapids, Minn.",Amarillo (NAHL),air-force,, , ,-
Dylan Krick,So,G,6-1,165,2005.0,"West Chester, Pa.",Cowichan Valley (BCHL),air-force,, , ,-
Will Staring,Sr,D,6-2,197,2003.0,"Springfield, Va.",Dubuque (USHL),air-force,, , ,-
Brendan Gibbons,Sr,F,6-2,210,2002.0,"South Kingstown, R.I.",Maine (NAHL),air-force,, , ,-
Aidan Willis,So,F,5-11,187,2005.0,"Farmington, Minn.",Salmon Arm (BCHL),air-force,, , ,-
Charles Panchisin,So,F,5-8,160,2004.0,"Lincolnshire, Ill.",Philadelphia (NAHL),air-force,, , ,-
Grant DeNuccio,Fr,F,5-9,175,2005.0,"Leesburg, Va.",Cranbrook (BCHL),air-force,, , ,-
Ethan Warrener,Jr,D,6-0,185.0,2003.0,"Calgary, Alb.",Trail (BCHL),alaska-anchorage,, , ,-
Niko Tsakumis,Fr,D,6-0,190.0,2005.0,"Vancouver, B.C.",Portland (WHL),alaska-anchorage,, , ,-
Connor Brown,Fr,F,5-9,190.0,2005.0,"Estero, Fla.",Tri-City (USHL),alaska-anchorage,, , ,-
Cooper Anderson,Fr,D,6-4,201.0,2006.0,"Des Moines, Iowa",Aberdeen (NAHL),alaska-anchorage,, , ,-
Cosmo Wilson,Fr,D,6-0,163.0,2005.0,"Vernon, B.C.",Victoria (WHL),alaska-anchorage,, , ,-
Oren Shtrom,So,F,5-10,185.0,2004.0,"Dollard-des-Ormeaux, Que.",Kamloops (WHL),alaska-anchorage,, , ,-
Drew Nelson,Fr,D,-,-,2006.0,"Duluth, Minn.",Lincoln (USHL),alaska-anchorage,, , ,-
Bryce Monrean,Jr,F,6-0,185.0,2003.0,"Anchorage, Alaska",Anchorage (NAHL),alaska-anchorage,, , ,-
JP Steele,Jr,D,6-2,190.0,2003.0,"Franklin, Mich.",Maine (NAHL),alaska-anchorage,, , ,-
Adam Parsons,Jr,F,6-0,170.0,2003.0,"Port Moody, B.C.",Trail (BCHL),alaska-anchorage,, , ,-
Jacob Terpstra,So,F,6-0,190.0,2005.0,"Shelby Township, Mich.",Alberni Valley (BCHL),alaska-anchorage,, , ,-
Paul Bloomer,Fr,F,6-0,179.0,2005.0,"Chicago, Ill.",Tri-City (USHL),alaska-anchorage,, , ,-
Jalen Bianchet,Fr,F,6-0,170.0,2005.0,"Pickering, Ont.",Whitecourt (AJHL),alaska-anchorage,, , ,-
Tye Spencer,So,F,5-8,143.0,2004.0,"Saskatoon, Sask.",Wenatchee (WHL),alaska-anchorage,, , ,-
Ben Anderson,Sr,F,6-5,209.0,2002.0,"Crystal, Minn.",Wisconsin (NAHL),alaska-anchorage,, , ,-
Aiden Westin,Sr,F,6-1,185.0,2002.0,"Anchorage, Alaska",Anchorage (NAHL),alaska-anchorage,, , ,-
Aaron Reierson,So,F,6-1,183.0,2005.0,"Moorhead, Minn.",Langley (BCHL),alaska-anchorage,, , ,-
Drew Hockley,Jr,D,6-4,180.0,2005.0,"Kentville, N.S.",Quinnipiac (ECAC),alaska-anchorage,, , ,-
Samuel Boisvert,Fr,F,6-5,183.0,2005.0,"Mirabel, Que.",Nanaimo (BCHL),alaska-anchorage,, , ,-
Ethan Neutens,Fr,F,6-4,207.0,2005.0,"Cochrane, Alb.",Medicine Hat (WHL),alaska-anchorage,, , ,-
Bryant Marks,Jr,G,5-11,174.0,2004.0,"Wasilla, Alaska",Corpus Christi (NAHL),alaska-anchorage,, , ,-
Dylan Contreras,Jr,F,5-7,165.0,2003.0,"Yorba Linda, Calif.",Kenai (NAHL),alaska-anchorage,, , ,-
William Gramme,Sr,G,6-4,201.0,2002.0,"Stockholm, Sweden",Northern Michigan (CCHA),alaska-anchorage,, , ,-
Karter McNarland,Sr,F,5-11,170.0,2003.0,"Saskatoon, Sask.",Powell (BCHL),alaska-anchorage,, , ,-
Luke Helgeson,So,D,6-0,205.0,2004.0,"Anchorage, Alaska",Colorado (NAHL),alaska-anchorage,, , ,-
Joey Rocha,Fr,G,6-2,181.0,2005.0,"Nanaimo, B.C.",Swift Current (WHL),alaska-anchorage,, , ,-
Rhett Ravndahl,Fr,D,6-2,185.0,2005.0,"Birch Hills, Sask.",Kamloops (WHL),alaska-anchorage,, , ,-
Charles Tardif,Jr,F,6-0,200.0,2003.0,"Québec, Que.",Sacred Heart (AHA),alaska-anchorage,, , ,-
Matthew Martin-Gaudreault,Fr,F,6-6,216.0,2005.0,"Montréal, Que.",Aberdeen (NAHL),alaska-anchorage,, , ,-
Carson Reed,Jr,D,6-1,200,2004.0,"Warroad, Minn.",Waterloo (USHL),alaska,, , ,-
William Fleet,So,D,6-2,205,2004.0,"Denver, Colo.",Shreveport (NAHL),alaska,, , ,-
Jhett Larson,So,F,5-9,176,2004.0,"Delisle, Sask.",Red Deer (WHL),alaska,, , ,-
Jackson Anderson,So,D,6-2,170,2004.0,"Prior Lake, Minn.",Surrey (BCHL),alaska,, , ,-
Davis Borozinskis,So,F,6-0,190,2004.0,"Liepaja, Latvia",Muskegon (USHL),alaska,, , ,-
Dean Spak,Jr,F,5-10,180,2003.0,"Calgary, Alb.",Okotoks (BCHL),alaska,, , ,-
Jack Rogers,Gr,F,6-3,201,2002.0,"East Northport, N.Y.",St. Cloud State (NCHC),alaska,, , ,-
Kyle Powers,Fr,F,6-1,192,2005.0,"Ottawa, Ont.",Baie-Comeau (QMJHL),alaska,, , ,-
Dominik Bartecko,Jr,F,5-9,175,2003.0,"Praha, Czechia",Mercyhurst (AHA),alaska,, , ,-
Taisetsu Ushio,Fr,F,5-8,161,2005.0,"Hokkaido, JPN",Prince George (BCHL),alaska,, , ,-
Seth Fryer,Fr,D,6-7,209,2006.0,"Victoria, B.C.",Victoria (WHL),alaska,, , ,-
Dylan Sydor,Jr,F,5-10,180,2003.0,"Kamloops, B.C.",Calgary (USports),alaska,, , ,-
Linden Burrett,Fr,D,6-2,183,2006.0,"Surrey, B.C.",Prince Albert (WHL),alaska,, , ,-
Misha Danylov,So,F,5-8,155,2004.0,"Kyiv, Ukraine",Green Bay (USHL),alaska,, , ,-
Rylen Roersma,So,F,5-11,190,2004.0,"Lethbridge, Alb.",Brandon (WHL),alaska,, , ,-
Grady Gallatin,So,D,6-4,205,2004.0,"White Bear Lake, Minn.",Western Michigan (NCHC),alaska,, , ,-
Sam Elliott,Fr,F,6-3,190,2005.0,"White Rock, B.C.",Wenatchee (WHL),alaska,, , ,-
Lukas Klemm,So,D,6-2,200,2004.0,"Ridgefield, Conn.",Mercyhurst (AHA),alaska,, , ,-
Max Rud,Jr,D,6-3,195,2003.0,"St. Cloud, Minn.",Minnesota (B10),alaska,, , ,-
Nathan Rickey,Jr,D,6-4,170,2003.0,"New Lenox, Ill.",Oklahoma (NAHL),alaska,, , ,-
Zach Howard,Fr,F,6-1,174,2005.0,"New Richmond, Wis.",Springfield (NAHL),alaska,, , ,-
Joseph Serpa,Sr,F,6-1,170,2002.0,"Cambridge, Ont.",Oshawa (OHL),alaska,, , ,-
Beau Courtney,So,F,5-10,179,2004.0,"Parker, Colo.",Kamloops (WHL),alaska,, , ,-
Zak Brice,So,G,6-0,175,2003.0,"Fairbanks, Alaska",Arizona State (NCHC),alaska,, , ,-
Calvin Vachon,So,G,5-11,165,2005.0,"Redondo Beach, Calif.",Waterloo (USHL),alaska,, , ,-
Jack Plandowski,Fr,F,5-10,174,2005.0,"Halifax, N.S.",Chilliwack (BCHL),alaska,, , ,-
Joel Lehtinen,Jr,F,6-4,200,2003.0,"Dallas, Texas",Stonehill (D-I Ind.),alaska,, , ,-
Tyler Shea,Gr,G,6-0,179,2001.0,"Stevenson Ranch, Calif.",Brown (ECAC),alaska,, , ,-
Simon Binkley,Fr,F,6-0,192,2006.0,"Fairbanks, Alaska",Moncton (QMJHL),alaska,, , ,-
Jack Beck,So,F,6-0,180,2003.0,"Richmond Hill, Ont.",Wheeling (ECHL),arizona-state,,2021,CGY,6
Hunter Hady,Jr,D,6-4,198,2004.0,"Rochester, Minn.",Michigan (B10),arizona-state,, , ,-
Jack Willson,Fr,D,5-8,175,2005.0,"Northville, Mich.",Youngstown (USHL),arizona-state,, , ,-
Richard Baran,So,D,6-1,185,2005.0,"Bratislava, Slovakia",Des Moines (USHL),arizona-state,, , ,-
Nicholas Chin-DeGraves,Jr,F,6-0,185,2003.0,"Edmonton, Alb.",Penn State (B10),arizona-state,, , ,-
Rylan Brown,Jr,D,6-0,170,2005.0,"Sherwood Park, Alb.",Michigan Tech (CCHA),arizona-state,, , ,-
Jack O'Brien,Jr,F,6-1,170,2003.0,"Denver, Colo.",Atlanta (ECHL),arizona-state,, , ,-
Landon Hafele,Fr,F,6-0,190,2007.0,"Fairbanks, Alaska",Green Bay (USHL),arizona-state,,2026,WPG,6
Lincoln Kuehne,So,D,6-2,205,2007.0,"Fargo, N.D.",USA U-18 Team (NTDP),arizona-state,,2026,NYI,4
Michael Barron,Fr,F,5-6,167,2006.0,"Canton, Mich.",Dubuque (USHL),arizona-state,, , ,-
Sean McGurn,Sr,F,5-11,190,2002.0,"Ottawa, Ont.",New Brunswick (USports),arizona-state,, , ,-
Teddy Merrill,Fr,F,6-0,185,2005.0,"Scottsdale, Ariz.",Dubuque (USHL),arizona-state,, , ,-
Ben Muthersbaugh,Jr,F,6-0,190,2004.0,"Gilford, N.H.",Union (ECAC),arizona-state,, , ,-
Logan Morrell,Jr,F,6-3,194,2003.0,"Mesa, Ariz.",Michigan Tech (CCHA),arizona-state,, , ,-
Cade Littler,Jr,F,6-3,216,2004.0,"East Wenatchee, Wash.",North Dakota (NCHC),arizona-state,,2022,CGY,7
Olivier Houde,So,F,6-1,181,2004.0,"Dosquet, Que.",Lindenwood (D-I Ind.),arizona-state,, , ,-
Kyle Smolen,Sr,F,5-11,165,2002.0,"Crystal Lake, Ill.",Fargo (USHL),arizona-state,, , ,-
Matthew Mayich,So,D,6-3,205,2004.0,"Stoney Creek, Ont.",Clarkson (ECAC),arizona-state,,2023,STL,6
Sam Hillebrandt,So,G,6-1,177,2005.0,"Port Huron, Mich.",Ohio State (B10),arizona-state,, , ,-
Chase Hamm,Sr,G,5-9,165,2002.0,"Saskatoon, Sask.",Penticton (BCHL),arizona-state,, , ,-
Samuel Urban,So,G,6-0,205,2005.0,"Dolne Kockovce, Slovakia",Sioux City (USHL),arizona-state,, , ,-
Filip Nordberg,So,D,6-5,215,2004.0,"Stockholm, Sweden",Merrimack (HEA),arizona-state,,2022,OTT,2
Jonas Woo,Fr,D,5-10,180,2006.0,"Winnipeg, Man.",Medicine Hat (WHL),arizona-state,,2026,CBJ,6
Daniel Shlaine,So,F,6-1,185,2005.0,"Moskva, Russia",Minnesota-Duluth (NCHC),arizona-state,, , ,-
Benjamin Kevan,So,F,6-1,185,2007.0,"Fairfield, Calif.",Des Moines (USHL),arizona-state,,2025,NJD,2
Hunter Mullett,Jr,D,6-0,160,2003.0,"Hartland, Wis.",Islanders Hockey Club (NCDC),arizona-state,, , ,-
Tony Achille,Sr,F,5-11,172,2002.0,"Hingham, Mass.",Maine (NAHL),arizona-state,, , ,-
Nathan Behm,Fr,F,6-2,210,2007.0,"Calgary, Alb.",Kamloops (WHL),arizona-state,,2025,CHI,3
Lukas Sawchyn,Fr,F,5-10,175,2007.0,"Grande Prairie, Alb.",Edmonton (WHL),arizona-state,, , ,-
Jacob Biron,Jr,G,6-4,190,2004.0,"East Aurora, N.Y.",Kemptville (CCHL),army-west-point,, , ,-
Lukas McCloskey,So,D,6-3,205,2005.0,"Newport Beach, Calif.",Wenatchee (WHL),army-west-point,, , ,-
Easton Zueger,Sr,D,6-4,190,2003.0,"Sioux Falls, S.D.",Sioux City (USHL),army-west-point,, , ,-
Ben Ivey,Jr,F,6-4,210,2004.0,"San Diego, Calif.",Amarillo (NAHL),army-west-point,, , ,-
Jack Ivey,Jr,F,6-4,195,2004.0,"San Diego, Calif.",Amarillo (NAHL),army-west-point,, , ,-
Pierce Patterson,Sr,D,5-9,170,2002.0,"Valrico, Fla.",Amarillo (NAHL),army-west-point,, , ,-
Liam Chapman,So,D,6-1,190,2004.0,"Weare, N.H.",Rochester (NAHL),army-west-point,, , ,-
Vincent Salice,Sr,F,5-7,175,2003.0,"Commerce Township, Mich.",Omaha (USHL),army-west-point,, , ,-
Nils Forselius,Jr,F,5-9,180,2003.0,"Guilford, Conn.",Maine (NAHL),army-west-point,, , ,-
Dylan Wegner,Jr,F,6-2,185,2004.0,"Nashville, Tenn.",Merritt (BCHL),army-west-point,, , ,-
Brock Jones,So,F,5-11,180,2004.0,"Lake View, N.Y.",Philadelphia (NAHL),army-west-point,, , ,-
Rhys Wallin,Fr,F,6-3,180,2005.0,"Wayzata, Minn.",Des Moines (USHL),army-west-point,, , ,-
Jacob Ligi,So,F,5-10,180,2004.0,"South Lyon, Mich.",Chippewa (NAHL),army-west-point,, , ,-
Thomas Neu,Fr,F,5-10,180,2005.0,"Hartland, Mich.",Blackfalds (BCHL),army-west-point,, , ,-
Sean Gibbons,Fr,F,5-8,175,2005.0,"Southport, Conn.",New Mexico (NAHL),army-west-point,, , ,-
Cam Charron,Fr,D,5-10,185,2005.0,"Falmouth, Maine",Cranbrook (BCHL),army-west-point,, , ,-
Thomas Quast,Fr,D,6-3,185,2005.0,"Forest Lake, Minn.",New Hampshire (NAHL),army-west-point,, , ,-
Jon Bell,Sr,D,5-10,200,2002.0,"St. Cloud, Minn.",Wisconsin (NAHL),army-west-point,, , ,-
Nik Hong,Sr,F,5-11,185,2002.0,"Minneapolis, Minn.",St. Cloud (NAHL),army-west-point,, , ,-
Max Holland,Fr,D,5-11,172,2006.0,"San Francisco, Calif.",Spruce Grove (BCHL),army-west-point,, , ,-
Kellen Murphy,Fr,F,5-8,165,2004.0,"Roseau, Minn.",Maine (NAHL),army-west-point,, , ,-
Alex Bosland,Fr,D,6-0,185,2005.0,"Basking Ridge, N.J.",Blackfalds (BCHL),army-west-point,, , ,-
Billy Batten,So,F,5-9,175,2004.0,"Phoenixville, Pa.",Minot (NAHL),army-west-point,, , ,-
Barron Woodring,Sr,F,6-2,200,2002.0,"Chicago, Ill.",New Jersey (NCDC),army-west-point,, , ,-
Connor Jalbert,Fr,F,5-11,175,2005.0,"Marblehead, Mass.",Langley (BCHL),army-west-point,, , ,-
Cade De St. Hubert,Fr,F,6-0,180,2006.0,"Hopkins, Minn.",Des Moines (USHL),army-west-point,, , ,-
Brent Keefer,Sr,F,6-0,170,2001.0,"Colorado Springs, Colo.",Northeast (NAHL),army-west-point,, , ,-
Adam Marshall,Jr,F,5-10,180,2003.0,"Plymouth, Minn.",Trail (BCHL),army-west-point,, , ,-
JJ Cataldo,Jr,G,6-0,183,2003.0,"Stuart, Fla.",Springfield (NAHL),army-west-point,, , ,-
Owen Crudale,Fr,G,6-1,187,2005.0,"Poway, Calif.",Waterloo (USHL),army-west-point,, , ,-
Gus Holt,Sr,G,6-3,206,2003.0,"Bowling Green, Ohio",Victoria (BCHL),army-west-point,, , ,-
Noah Mertz,Fr,D,5-11,160,2005.0,"Coventry, R.I.",Blackfalds (BCHL),army-west-point,, , ,-
Christian Manz,Jr,G,6-1,181,2004.0,"Blaine, Minn.",Sioux Falls (USHL),augustana,, , ,-
Landon Fandel,So,D,5-10,185,2005.0,"Sioux Falls, S.D.",Tri-City (USHL),augustana,, , ,-
Maxwell Chakrabarti,So,D,6-3,181,2005.0,"Surrey, B.C.",Weyburn (SJHL),augustana,, , ,-
Easton Young,Jr,D,5-11,185,2003.0,"Grand Rapids, Minn.",Muskegon (USHL),augustana,, , ,-
Samo Meritähti,Jr,D,6-3,192,2003.0,"Seinäjoki, Finland",Providence (HEA),augustana,, , ,-
Erick Comstock,Fr,D,5-7,165,2005.0,"Salol, Minn.",Watertown (NAHL),augustana,, , ,-
Hayden Hennen,Sr,D,6-4,191,2002.0,"Hallock, Minn.",Anchorage (NAHL),augustana,, , ,-
Joey DelGreco,Jr,F,5-10,175,2003.0,"Grand Rapids, Minn.",Chicago (USHL),augustana,, , ,-
Tyler Hennen,Jr,F,6-0,170,2004.0,"Hallock, Minn.",Anchorage (NAHL),augustana,, , ,-
Hunter Bischoff,Sr,F,6-1,190,2003.0,"Cohasset, Minn.",Youngstown (USHL),augustana,, , ,-
Will Howard,Sr,F,6-2,180,2002.0,"Grand Forks, N.D.",New Mexico (NAHL),augustana,, , ,-
Jacob Fletcher,So,F,5-9,170,2004.0,"Midland, Ont.",Lindenwood (D-I Ind.),augustana,, , ,-
Matsvei Marshchanok,Fr,F,5-9,165,2005.0,"Minsk, Belarus",Austin (NAHL),augustana,, , ,-
Jacob Jastrzebski,So,F,6-0,192,2005.0,"Chicago, Ill.",Des Moines (USHL),augustana,, , ,-
Heath Nelson,Fr,F,6-1,181,2006.0,"Lino Lakes, Minn.",Victoria (WHL),augustana,, , ,-
Carter Theissen,Jr,D,5-11,181,2003.0,"Plymouth, Minn.",Wisconsin (NAHL),augustana,, , ,-
Callum Gau,Sr,F,6-2,191,2002.0,"Camrose, Alb.",Camrose (AJHL),augustana,, , ,-
Owen Nelson,Fr,G,6-1,181,2007.0,"Hudson, Wis.",Peterborough (OHL),augustana,, , ,-
Mathis Langevin,So,G,6-4,195,2006.0,"St-Zotique, Que.",Miami (NCHC),augustana,, , ,-
Angelo Zol,Fr,G,6-0,170,2005.0,"Kelowna, B.C.",West Kelowna (BCHL),augustana,, , ,-
Siamion Marshchanok,Fr,F,5-9,165,2005.0,"Minsk, Belarus",Austin (NAHL),augustana,, , ,-
Ryan Whiterabbit,Fr,D,6-1,179,2006.0,"Mahtomedi, Minn.",Youngstown (USHL),augustana,, , ,-
Brett Meerman,Sr,F,5-9,170,2002.0,"Blackfalds, Alb.",Blackfalds (AJHL),augustana,, , ,-
Owen Bohn,Sr,F,5-11,175,2002.0,"San Jose, Calif.",Victoria (BCHL),augustana,, , ,-
Jeff Hutchinson,Sr,D,6-2,201,2002.0,"St. Louis, Mo.",New Mexico (NAHL),augustana,, , ,-
Nace Langus,Jr,F,6-1,192,2004.0,"Jesenice, Slovenia",IK Oskarshamn J20 (J20 Nationell),augustana,, , ,-
Leonid Bulgakov,So,F,5-9,165,2004.0,"Minsk, Belarus",Aberdeen (NAHL),augustana,, , ,-
Cole Burtch,Sr,F,5-10,168,2001.0,"Markham, Ont.",Ferris State (CCHA),augustana,, , ,-
Owen Baumgartner,Sr,D,5-10,185,2002.0,"Owatonna, Minn.",Oklahoma (NAHL),augustana,, , ,-
Max Hildebrand,So,G,6-2,195,2004.0,"Martensville, Sask.",Prince Albert (WHL),bemidji-state,, , ,-
Maxon Vig,So,D,6-3,216,2005.0,"Bismarck, N.D.",Cedar Rapids (USHL),bemidji-state,,2025,MTL,7
Joe Gramer,Jr,D,6-1,188,2005.0,"Moorhead, Minn.",Omaha (NCHC),bemidji-state,, , ,-
Luca D'Amato,So,D,5-9,165,2004.0,"Maple, Ont.",New Brunswick (USports),bemidji-state,, , ,-
Brady Birnie,Fr,F,5-9,169,2005.0,"Regina, Sask.",Penticton (WHL),bemidji-state,, , ,-
Samuel Harris,Fr,D,6-0,174,2006.0,"Minneapolis, Minn.",Green Bay (USHL),bemidji-state,, , ,-
Eddie Revenig,Fr,D,5-11,180,2005.0,"Edina, Minn.",Bismarck (NAHL),bemidji-state,, , ,-
Isaac Johnson,Fr,F,6-0,187,2005.0,"Fergus Falls, Minn.",Brooks (BCHL),bemidji-state,, , ,-
Jaksen Panzer,Jr,F,5-9,172,2004.0,"Grand Forks, N.D.",Sioux Falls (USHL),bemidji-state,, , ,-
Rylan Gould,So,F,6-0,192,2005.0,"Headingley, Man.",Michigan Tech (CCHA),bemidji-state,, , ,-
Hudson Thornton,So,D,6-0,194,2003.0,"Winnipeg, Man.",Orlando (ECHL),bemidji-state,, , ,-
Ben Vigneault,So,D,6-0,193,2004.0,"Boischâtel, Que.",Québec (QMJHL),bemidji-state,, , ,-
Alexi Sylvestre,Jr,F,6-3,200,2004.0,"Ste-Martine, Que.",Flin Flon (SJHL),bemidji-state,, , ,-
Ethan Miedema,Fr,F,6-5,221,2005.0,"Fort St. John, B.C.",Guelph (OHL),bemidji-state,,2023,BUF,4
Jiri Klima,Fr,F,5-11,197,2006.0,"Suchý Dul, Czech Republic",Shawinigan (QMJHL),bemidji-state,, , ,-
Will Dawson,Jr,F,6-1,188,2003.0,"Traverse City, Mich.",Air Force (AHA),bemidji-state,, , ,-
Max Namestnikov,So,F,5-9,170,2004.0,"Wolverine, Mich.",Guelph (OHL),bemidji-state,, , ,-
Vann Yuhas,Jr,F,6-0,188,2004.0,"Medicine Hat, Alb.",Merrimack (HEA),bemidji-state,, , ,-
Aiden Ziprick,Fr,D,6-1,185,2005.0,"Russell, Man.",Moose Jaw (WHL),bemidji-state,, , ,-
Oliver Peer,Sr,F,6-0,182,2003.0,"Burlington, Ont.",New Brunswick (USports),bemidji-state,, , ,-
Luke Roelofs,Jr,D,6-2,194,2003.0,"Minnetrista, Minn.",Bismarck (NAHL),bemidji-state,, , ,-
Tory Lund,Jr,F,5-11,182,2004.0,"Sartell, Minn.",El Paso (NAHL),bemidji-state,, , ,-
Carter Rapalje,Sr,F,5-9,176,2001.0,"Burlington, Vt.",Ferris State (CCHA),bemidji-state,, , ,-
Jake McLean,Sr,F,6-0,184,2002.0,"North Vancouver, B.C.",Bismarck (NAHL),bemidji-state,, , ,-
Brayden Dube,Fr,F,5-10,181,2005.0,"Roblin, Man.",Prince Albert (WHL),bemidji-state,, , ,-
Trent Wiemken,Jr,G,6-0,182,2004.0,"Fargo, N.D.",Austin (NAHL),bemidji-state,, , ,-
Raythan Robbins,Sr,G,5-11,190,2002.0,"Anchorage, Alaska",Anchorage (NAHL),bemidji-state,, , ,-
Charlie Emmons,Fr,D,6-0,180,2005.0,"Washington Township, Mich.",Cedar Rapids (USHL),bentley,, , ,-
Josh Player,Jr,D,6-0,195,2005.0,"Thorofare, N.J.",New Hampshire (HEA),bentley,, , ,-
Tobias Larsen,Jr,D,6-2,210,2004.0,"Oslo, Norway",American Int'l (AHA),bentley,, , ,-
Dylan Cook,Jr,F,6-0,201,2003.0,"Princeton, Minn.",Austin (NAHL),bentley,, , ,-
Alec Leonard,So,D,5-11,175,2004.0,"Toronto, Ont.",London (OHL),bentley,, , ,-
Oliver Salo,Jr,F,6-1,195,2003.0,"Kaarina, Finland",Anchorage (NAHL),bentley,, , ,-
Saxton Tess,Fr,F,6-1,205,2005.0,"Chicago, Ill.",Fargo (USHL),bentley,, , ,-
Jimmy Doyle,Sr,F,6-1,189,2002.0,"Plainfield, Ill.",Janesville (NAHL),bentley,, , ,-
Ryan Mansfield,Sr,F,6-0,195,2002.0,"Burlington, Ont.",Odessa (NAHL),bentley,, , ,-
Owen Goodbrand,So,F,6-2,195,2004.0,"Waterdown, Ont.",Prince George (BCHL),bentley,, , ,-
Peter Kramer,Sr,F,5-11,186,2002.0,"Bridgewater, Mass.",Green Bay (USHL),bentley,, , ,-
James Duerr,Jr,F,6-3,195,2004.0,"Chicago, Ill.",Massachusetts (HEA),bentley,, , ,-
Oskar Bakkevig,Jr,F,5-10,185,2004.0,"Oslo, Norway",Malmo,bentley,, , ,-
Kellan Hjartarson,Sr,F,5-11,187,2003.0,"Calgary, Alb.",Cranbrook (BCHL),bentley,, , ,-
Jacob Sagadin,Fr,F,6-0,190,2005.0,"Ljungby, Sweden",Fargo (USHL),bentley,, , ,-
Josh Giuliani,So,F,6-1,175,2004.0,"Plymouth, Minn.",St. Thomas (CCHA),bentley,, , ,-
Michael Mesic,Jr,F,5-11,175,2004.0,"Fort Myers, Fla.",Northern Michigan (CCHA),bentley,, , ,-
Jan Gaspar,So,F,5-10,170,2004.0,"Prague, Czech Republic",Bismarck (NAHL),bentley,, , ,-
Jack Dalton,Sr,D,6-0,182,2003.0,"River Forest, Ill.",Maine (HEA),bentley,, , ,-
Chase Davis,Sr,F,6-4,216,2002.0,"Alpharetta, Ga.",Amarillo (NAHL),bentley,, , ,-
Marton Nemes,So,F,6-2,193,2005.0,"Székesfehérvár, Hungary",Mora IK J20 (J20 Nationell),bentley,, , ,-
Colton Cameron,Sr,D,5-11,191,2002.0,"Surrey, B.C.",Prince George (BCHL),bentley,, , ,-
Garrett Horsager,Sr,D,6-0,199,2002.0,"Rosemount, Minn.",Oklahoma (NAHL),bentley,, , ,-
Kolby Amici,Sr,F,5-9,160,2002.0,"Orchard Park, N.Y.",Minot (NAHL),bentley,, , ,-
Jack Farrell,So,D,6-0,188,2004.0,"Wilmington, Mass.",West Kelowna (BCHL),bentley,, , ,-
Nicholas Bevilacqua,Jr,G,6-0,182,2003.0,"Abington, Mass.",Jr. Islanders (NCDC),bentley,, , ,-
Easton Rye,Fr,G,6-0,195,2006.0,"Peterborough, Ont.",Peterborough (OHL),bentley,, , ,-
Ephram McNutt,Fr,D,6-0,180,2005.0,"Yellowknife, NT",Regina Pats (WHL),bentley,, , ,-
Lukas Swedin,So,G,5-10,170,2004.0,"Stockholm, Sweden",Minot (NAHL),bentley,, , ,-
Louka Cloutier,So,G,6-2,178,2006.0,"Sherbrooke, Que.",Chicago (USHL),boston-college,,2024,COL,5
Kristian Kostadinski,So,D,6-6,222,2005.0,"Göteborg, Sweden",Dubuque (USHL),boston-college,,2023,BOS,7
Teddy Stiga,Jr,F,5-11,192,2006.0,"Sudbury, Mass.",USA U-18 Team (NTDP),boston-college,,2024,NSH,2
Teddy Mallgrave,So,D,6-3,207,2005.0,"Summit, N.J.",St. Lawrence (ECAC),boston-college,, , ,-
Matthew Grimes,Fr,D,6-1,191,2007.0,"Locust Valley, N.Y.",Sioux Falls (USHL),boston-college,, , ,-
Alex Pelletier,Fr,F,5-10,197,2005.0,"Granby, Conn.",Lincoln (USHL),boston-college,, , ,-
Oscar Hemming,So,F,6-4,203,2008.0,"Vaasa, Finland",Kitchener (OHL),boston-college,,2026,CBJ,1
Luke Schairer,Fr,D,6-3,195,2008.0,"Milwaukee, Wis.",Peterborough (OHL),boston-college,,2026,STL,3
Quinn Beauchesne,Fr,D,6-1,199,2007.0,"Ottawa, Ont.",Guelph (OHL),boston-college,,2025,PIT,5
Jake Sondreal,Jr,F,6-0,185,2004.0,"Woodbury, Minn.",Dubuque (USHL),boston-college,, , ,-
Landan Resendes,So,F,5-10,183,2005.0,"Marlborough, Mass.",Youngstown (USHL),boston-college,, , ,-
Olivers Murnieks,Fr,F,6-1,195,2008.0,"Riga, Latvia",Saint John (QMJHL),boston-college,,2026,BUF,4
Teddy Mutryn,Fr,F,6-1,213,2007.0,"Norwell, Mass.",Moncton (QMJHL),boston-college,,2025,SJS,3
Casey Mutryn,Fr,F,6-3,208,2008.0,"Norwell, Mass.",USA U-18 Team (USHL),boston-college,,2026,SEA,2
Leo Henriquez,Fr,G,6-1,174,2007.0,"Bratislava, Slovakia",Green Bay (USHL),boston-college,,2026,BOS,6
Will Vote,Sr,F,5-8,165,2005.0,"Arlington, Mass.",USA U-18 Team (NTDP),boston-college,, , ,-
Brady Kudrick,Fr,F,6-0,184,2005.0,-,Chicago (USHL),boston-college,, , ,-
Carson Woodall,Fr,D,5-11,195,2006.0,"Belle River, Ont.",Windsor (OHL),boston-college,, , ,-
Luka Radivojevic,So,D,5-10,182,2007.0,"Edina, Minn.",Muskegon (USHL),boston-college,, , ,-
Nolan Joyce,Sr,D,6-1,196,2003.0,"Dedham, Mass.",Chicago (USHL),boston-college,, , ,-
Timmy Delay,Sr,F,6-1,189,2003.0,"Hingham, Mass.",Chiliwack (BCHL),boston-college,, , ,-
Dean Letourneau,Jr,F,6-7,238,2006.0,"Braeside, Ont.",St. Andrew's College (PHC),boston-college,,2024,BOS,1
Jan Korec,Sr,G,6-2,204,2004.0,"Bratislava, Slovakia",Des Moines (USHL),boston-college,, , ,-
Alex Musielak,Sr,G,6-4,201,2003.0,"Buffalo, N.Y.",Utica Jr. Comets (NCDC),boston-college,, , ,-
Ryan Conmy,Sr,F,5-10,186,2004.0,"Alexandria, Va.",New Hampshire (HEA),boston-college,,2023,LAK,6
Matias Vanhanen,Fr,F,5-11,180,2007.0,"Nokia, Finland",Everett (WHL),boston-college,,2026,NJD,2
Will Moore,So,F,6-3,195,2007.0,"Mississauga, Ont.",USA U-18 Team (USHL),boston-college,,2025,BOS,2
Steven Luciano,So,G,6-0,180,2007.0,"New Canaan, Conn.",Omaha (USHL),boston-university,, , ,-
Adam Barone,Jr,D,6-1,190,2004.0,"Sault Ste. Marie, Ont.",Lake Superior (CCHA),boston-university,, , ,-
Nick Roukounakis,Jr,F,6-2,231,2003.0,"Marshfield, Mass.",Tri-City (USHL),boston-university,, , ,-
Brandon Svoboda,Jr,F,6-3,206,2005.0,"Pittsburgh, Pa.",Fargo (USHL),boston-university,,2023,SJS,3
Jax Wismer,Jr,D,5-11,190,2005.0,"Newmarket, Ont.",Vermont (HEA),boston-university,, , ,-
Jonathan Morello,So,F,6-2,188,2006.0,"Toronto, Ont.",Dubuque (USHL),boston-university,,2024,BOS,5
Tynan Lawrence,So,F,6-0,185,2008.0,"Fredericton, N.B.",Muskegon (USHL),boston-university,,2026,STL,1
Jack Harvey,Sr,F,5-10,173,2003.0,"Stacy, Minn.",Chicago (USHL),boston-university,,2023,TBL,7
Viktor Nörringer,Fr,F,6-4,200,2006.0,"Kungsbacka, Sweden",Muskegon (USHL),boston-university,,2024,NSH,4
Mick Frechette,Sr,D,6-2,206,2003.0,"Weston, Mass.",Dexter Southfield,boston-university,, , ,-
Carter Amico,So,D,6-5,218,2007.0,"Westbrook, Maine",USA U-18 Team (NTDP),boston-university,,2025,PHL,2
Conrad Fondrk,So,F,6-0,190,2007.0,"St. Paul, Minn.",USA U-18 Team (NTDP),boston-university,,2025,NJD,2
Jay Feldberg,So,F,6-0,179,2006.0,"Toronto, Ont.",Toronto Jr. Canadiens (OJHL),boston-university,, , ,-
Jack Murtagh,So,F,6-1,198,2007.0,"East Greenbush, N.Y.",USA U-18 Team (NTDP),boston-university,,2025,PHL,2
Ryder Ritchie,So,F,6-2,190,2006.0,"Calgary, Alb.",Medicine Hat (WHL),boston-university,,2024,MIN,2
Aiden Celebrini,Sr,D,6-1,197,2004.0,"Vancouver, B.C.",Brooks (AJHL),boston-university,,2023,VAN,6
Ben Merrill,So,F,6-4,200,2005.0,"Hingham, Mass.",Penticton (BCHL),boston-university,,2024,MTL,6
Caleb Malhotra,Fr,F,6-2,185,2008.0,"Toronto, Ont.",Brantford (OHL),boston-university,,2026,VAN,1
Sartaj Dhami,Fr,G,6-0,160,2007.0,"Calgary, Alb.",Calgary (AJHL),boston-university,, , ,-
Max Lacroix,Sr,G,6-0,174,2003.0,"Castle Pines, Colo.",Colorado (NAHL),boston-university,, , ,-
Kamil Bednarik,Jr,F,6-1,188,2006.0,"Elmhurst, Ill.",USA U-18 Team (NTDP),boston-university,,2024,NYI,2
Mikhail Yegorov,Jr,G,6-5,178,2006.0,"St. Petersburg, Russia",Omaha (USHL),boston-university,,2024,NJD,2
Haoxi (Simon) Wang,Fr,D,6-6,230,2007.0,"Beijing, China",Niagara (OHL),boston-university,,2025,SJS,2
Xavier Villeneuve,Fr,D,5-11,165,2007.0,"Laval, Que.",Blainville-Boisbriand (QMJHL),boston-university,,2026,CHI,2
Niklas Aaram-Olsen,Fr,F,6-1,183,2008.0,"Oslo, Norway",Örebro HK U20,boston-university,,2026,VAN,2
Charlie Trethewey,So,D,6-2,194,2007.0,"Ellicott City, Md.",USA U-18 Team (NTDP),boston-university,,2025,PIT,3
Jacob Steinman,So,G,6-0,185,2004.0,"Cambridge, Ont.",Halifax (QMJHL),bowling-green,, , ,-
Carson Campbell,Fr,D,6-1,181,2006.0,"Campbellford, Ont.",Kitchener (OHL),bowling-green,, , ,-
Ty Higgins,So,D,6-1,190,2004.0,"Stratford, Ont.",Rouyn-Noranda (QMJHL),bowling-green,, , ,-
Mazden Leslie,Fr,D,6-1,190,2005.0,"Lloydminster, Alb.",Kelowna (WHL),bowling-green,, , ,-
Peteris Bulans,Fr,D,6-1,185,2005.0,"Riga, Latvia",Chicoutimi (QMJHL),bowling-green,, , ,-
Cooper Wilson,Fr,D,6-4,212,2005.0,"North Vancouver, B.C.",Coquitlam (BCHL),bowling-green,, , ,-
Evan Bushy,Sr,D,6-1,194,2002.0,"Thief River Falls, Minn.",Lake Superior (CCHA),bowling-green,, , ,-
Jérémie Minville,So,F,6-0,185,2004.0,"Drummondville, Que.",Gatineau (QMJHL),bowling-green,, , ,-
Adam Zlnka,Jr,F,6-0,178,2004.0,"Detva, Slovakia",Sioux Falls (USHL),bowling-green,,2022,ARI,7
Noah Morneau,So,F,6-0,185,2004.0,"Riverside, Ont.",Windsor Spitfires (OHL),bowling-green,, , ,-
Ty Cheveldayoff,Fr,F,6-3,225,2003.0,"Stony Plain, Alb.",Maine Mariners (ECHL),bowling-green,, , ,-
Maxwell Martin,Jr,F,6-0,188,2003.0,"Tawas City, Mich.",Wisconsin (NAHL),bowling-green,, , ,-
Jake Sloan,So,F,6-4,215,2004.0,"Girvan, Great Britain",Tri-City (WHL),bowling-green,, , ,-
Breck McKinley,Sr,D,5-9,175,2003.0,"St. Albert, Alb.",Spruce Grove (AJHL),bowling-green,, , ,-
Thomas Verdon,Fr,F,5-11,183,2005.0,"Cleveland, Ohio",Rouyn-Noranda (QMJHL),bowling-green,, , ,-
Connor Levis,So,F,6-1,190,2004.0,"Vancouver, B.C.",Vancouver (WHL),bowling-green,,2023,WPG,7
Ivan Korodiuk,Jr,D,6-4,194,2004.0,"Kyiv, Ukraine",Madison (USHL),bowling-green,, , ,-
Matthew Soto,Fr,F,6-0,185,2005.0,"St. Paul, Minn.",Peterborough (OHL),bowling-green,, , ,-
Ben Doran,Sr,F,5-11,177,2003.0,"Chesterfield, Mo.",Sioux City (USHL),bowling-green,, , ,-
Tyler Hotson,Sr,F,5-10,180,2003.0,"Stratford, Ont.",Rensselaer (ECAC),bowling-green,, , ,-
Brayden Crampton,So,D,6-1,183,2004.0,"Chilliwack, B.C.",Spokane (WHL),bowling-green,, , ,-
Teague Patton,Jr,F,5-10,172,2003.0,"Kelowna, B.C.",Mount Royal (USports),bowling-green,, , ,-
Brandon Whynott,So,F,6-1,185,2004.0,"Langley, B.C.",Tri-City (WHL),bowling-green,, , ,-
Brody Waters,Sr,F,6-2,203,2002.0,"Heidelberg, Ont.",Nanaimo (BCHL),bowling-green,, , ,-
Tyler Palmer,Jr,G,6-0,190,2003.0,"Fernie, B.C.",Alberta (USports),bowling-green,, , ,-
Cooper Michaluk,Fr,G,6-2,179,2005.0,"Sherwood Park, Alb.",Trail (BCHL),bowling-green,, , ,-
Dominik Rymon,So,F,5-10,160,2004.0,"Karlovy Vary, Czech Republic",Everett (WHL),bowling-green,, , ,-
Fred Halyk,Sr,G,6-6,225,2003.0,"Cochrane, Alb.",Denver (NCHC),brown,, , ,-
Tristan Zarsky,Jr,D,6-3,225,2003.0,"Edmonton, Alb.",El Paso (NAHL),brown,, , ,-
Kevin Fitzgerald,Jr,D,6-0,185,2004.0,"Bath, Ont.",Connecticut (HEA),brown,, , ,-
Gerrit Lansing,Fr,D,6-0,190,2005.0,"New York, N.Y.",New Jersey (NAHL),brown,, , ,-
Archer Brown,Fr,F,6-1,196,2005.0,"New York, N.Y.",New Jersey (NAHL),brown,, , ,-
Matteo Danis,Fr,F,6-1,193,2005.0,"Calgary, Alb.",Penticton (WHL),brown,, , ,-
Ashton Bynum,So,D,6-4,200,2004.0,"Tulsa, Okla.",Fargo (USHL),brown,, , ,-
Trip Pendy,So,F,6-1,200,2005.0,"Far Hills, N.J.",Coquitlam (BCHL),brown,, , ,-
Ben Poitras,Jr,F,6-0,190,2005.0,"Montréal, Que.",Northeastern (HEA),brown,, , ,-
Michael Salandra,Jr,F,5-10,180,2003.0,"Pleasantville, N.Y.",Quinnipiac (ECAC),brown,, , ,-
Brendan Tighe,So,F,5-11,180,2006.0,"Marietta, Ga.",Madison (USHL),brown,, , ,-
Charlie Gollob,Jr,F,6-2,200,2004.0,"Toronto, Ont.",Victoria (BCHL),brown,, , ,-
Owen Dyer,So,D,6-3,225,2004.0,"Clarkston, Mich.",Des Moines (USHL),brown,, , ,-
Mike Cataldo,Sr,F,6-1,200,2003.0,"Norfolk, Mass.",Bonnyville (AJHL),brown,, , ,-
George Poirier,Fr,F,6-2,200,2005.0,"Arvada, Colo.",Bismarck (NAHL),brown,, , ,-
Matthew Brille,Sr,F,5-10,180,2003.0,"Bethesda, Md.",Chippewa Falls (NAHL),brown,, , ,-
Marco Senerchia,Fr,D,5-9,160,2007.0,"Greenville, R.I.",Chicago (USHL),brown,, , ,-
Matthew Cataldo,So,F,6-0,205,2005.0,"Norfolk, Mass.",Penticton (BCHL),brown,, , ,-
Ethan Mistry,Sr,D,5-10,175,2003.0,"Toronto, Ont.",Nanaimo (BCHL),brown,, , ,-
Brian Lonergan,So,D,5-11,175,2005.0,"Montvale, N.J.",Bowling Green (CCHA),brown,, , ,-
Leo Schwartz,Jr,D,6-0,175,2004.0,"Jericho, N.Y.",New Jersey (NCDC),brown,, , ,-
Jack Hewitt,Jr,D,6-0,185,2003.0,"Toronto, Ont.",Jr. Islanders (NCDC),brown,, , ,-
Cullen Emery,Fr,F,5-10,190,2005.0,"Los Angeles, Calif.",Waterloo (USHL),brown,, , ,-
Andrew King,Jr,F,6-0,170,2003.0,"Dubuque, Iowa",Dubuque (USHL),brown,, , ,-
Devin Shakar,Fr,G,6-1,180,2005.0,"Glenville, N.Y.",Omaha (USHL),brown,, , ,-
Griffin Erdman,Jr,F,5-10,185,2005.0,"Wilmington, Del.",Northeastern (HEA),brown,, , ,-
Eli Pulver,Jr,G,6-1,170,2003.0,"Vancouver, B.C.",Wisconsin (B10),brown,, , ,-
Brian Nicholas,Jr,F,6-2,185,2005.0,"Scarsdale, N.Y.",Sioux City (USHL),brown,, , ,-
Kolby Hay,So,G,6-5,185,2004.0,"Kamloops, B.C.",Augustana (CCHA),canisius,, , ,-
Brice Cooke,So,F,6-3,190,2004.0,"Orangeville, Ont.",Toronto (OJHL),canisius,, , ,-
Ryan Franks,Fr,F,6-4,205,2005.0,"Roslyn, N.Y.",Maryland (NAHL),canisius,, , ,-
Rhys Chiddenton,Sr,F,6-0,185,2003.0,"Campbellville, Ont.",Bemidji State (CCHA),canisius,, , ,-
Walter Zacher,Sr,F,5-11,180,2002.0,"Buffalo, N.Y.",Robert Morris (AHA),canisius,, , ,-
Matt Campbell,Sr,D,6-1,170,2003.0,"North Vancouver, B.C.",Merrimack (HEA),canisius,, , ,-
Jason Gallucci,Jr,D,5-10,175,2004.0,"Robbinsville, N.J.",Penn State (B10),canisius,, , ,-
Trey Funk,Sr,F,6-1,180,2002.0,"Redwood Meadows, Alb.",Bonnyville (AJHL),canisius,, , ,-
Cole Miller,So,F,6-4,190,2005.0,"Edmonton, Alb.",Edmonton (WHL),canisius,, , ,-
Zachary Homer,Fr,F,6-2,195,2005.0,"Detroit, Mich.",Minnesota (NAHL),canisius,, , ,-
Nico Grabas,Fr,F,5-10,165,2005.0,"Burnaby, B.C.",Chilliwack (BCHL),canisius,, , ,-
Joe Messina,Sr,D,5-9,185,2002.0,"Woodbridge, Ont.",Union (ECAC),canisius,, , ,-
Cole Gordon,Sr,F,6-2,205,2003.0,"Windsor, Colo.",RPI (ECAC),canisius,, , ,-
Trent Ballentyne,So,D,6-3,195,2004.0,"London, Ont.",Merrimack (HEA),canisius,, , ,-
Carter Anderson,So,F,5-11,185,2004.0,"Thompson, Man.",Chilliwack (BCHL),canisius,, , ,-
Ethan Robertson,Sr,G,6-1,170,2002.0,"Courtice, Ont.",Auston (NAHL),canisius,, , ,-
Jack Lisson,Fr,G,6-2,190,2006.0,"Oakville, Ont.",North Bay (OHL),canisius,, , ,-
Luke Marshall,Jr,D,6-0,170,2004.0,"Saskatoon, Sask.",Brooks (BCHL),canisius,, , ,-
Reid Conn,So,D,6-3,210,2004.0,"Centennial, Colo.",New Hampshire (HEA),canisius,, , ,-
Jimmy Goffredo,Sr,D,5-11,185,2003.0,"Mount Laurel, N.J.",RPI (ECAC),canisius,, , ,-
Louis-Philippe Fontaine,So,F,5-9,205,2004.0,"Chambly, Que.",Lindenwood (D-I Ind.),canisius,, , ,-
Carter Patterson,Jr,D,6-4,201,2003.0,"Burlington, Ont.",Blackfalds (BCHL),canisius,, , ,-
Hunter Price,Jr,F,6-1,195,2003.0,"Calgary, Alb.",Sherwood Park (BCHL),canisius,, , ,-
Kyan Haldenby,So,F,6-2,190,2004.0,"Toronto, Ont.",Shreveport (NAHL),canisius,, , ,-
FJ Buteau,So,D,6-4,210,2004.0,"Montréal, Que.",Acadie-Bathurst (QMJHL),canisius,, , ,-
Joey Henneberry,So,F,6-2,195,2004.0,"Halifax, N.S.",Merrimack (HEA),canisius,, , ,-
Noah Quinn,Sr,F,6-0,180,2003.0,"Nelson, B.C.",Bemidji State (CCHA),canisius,, , ,-
Ethan Wolthers,Gr,F,5-9,180,2001.0,"Valencia, Calif.",Sacred Heart (AHA),canisius,, , ,-
Ben Brunelle,Fr,F,6-4,195,2005.0,"Trois-Rivières, Que.",Rouyn-Noranda (QMJHL),canisius,, , ,-
David Elmy,So,F,6-1,190,2005.0,"Mississauga, Ont.",St. Michael's (OJHL),canisius,, , ,-
Michael Craig,Sr,D,5-10,174,2002.0,"St. Catharines, Ont.",Robert Morris (AHA),clarkson,, , ,-
Nikolas Young,Fr,D,6-0,172,2006.0,"Lawton, N.Y.",Lincoln (USHL),clarkson,, , ,-
Axel Dufresne,Fr,D,6-0,185,2005.0,"Boisbriand, Que.",Rouyn-Noranda (QMJHL),clarkson,, , ,-
Remi Gelinas,So,F,6-0,187,2005.0,"Deux-Montagnes, Que.",Hawkesbury (CCHL),clarkson,, , ,-
Luka Sukovic,Jr,F,6-3,205,2003.0,"Lincolnshire, Ill.",Bonnyville (AJHL),clarkson,, , ,-
Adam Cardona,Sr,D,6-2,200,2003.0,"Beaconsfield, Que.",Alaska (D-I Ind.),clarkson,, , ,-
Shawn O'Donnell,Sr,F,5-11,180,2003.0,"Pittsburgh, Pa.",Mass.-Lowell (HEA),clarkson,, , ,-
Talon Sigurdson,Sr,F,6-1,180,2002.0,"Sartell, Minn.",Des Moines (USHL),clarkson,, , ,-
Sebastien Gervais,Fr,F,6-1,190,2005.0,"Windsor, Ont.",North Bay (OHL),clarkson,, , ,-
Hayden Reid,Fr,F,6-0,181,2006.0,"Orono, Ont.",Niagara (OHL),clarkson,, , ,-
Zack Sandhu,Fr,D,6-2,205,2005.0,"Toronto, Ont.",Brantford (OHL),clarkson,, , ,-
Owen Van Steensel,So,F,5-10,185,2004.0,"Ilderton, Ont.",Barrie (OHL),clarkson,, , ,-
Jared Mangan,Jr,F,5-10,174,2003.0,"Charleston, S.C.",Lincoln (USHL),clarkson,, , ,-
Alex Pharand,Fr,F,6-3,192,2005.0,"Sudbury, Ont.",Sudbury (OHL),clarkson,,2023,CHI,4
Tyler Wallace,Sr,F,6-2,188,2002.0,"Calgary, Alb.",RPI (ECAC),clarkson,, , ,-
Tate Taylor,Jr,D,5-11,182,2004.0,"Richmond, B.C.",Fargo (USHL),clarkson,, , ,-
Conyr Hellyer,So,F,5-10,174,2004.0,"Okotoks, Alb.",Penticton (BCHL),clarkson,, , ,-
Shane Soderwall,Jr,G,6-2,185,2002.0,"Algonquin, Ill.",Curry (NCAA III),clarkson,, , ,-
Dawson Labre,So,G,6-3,185,2004.0,"Les Cèdres, Que.",Ohio State (B10),clarkson,, , ,-
Mael St-denis,So,F,6-1,196,2005.0,"Nominingue, Que.",Rimouski (QMJHL),clarkson,, , ,-
Ty Brassington,Jr,D,6-2,198,2004.0,"White Rock, B.C.",Surrey (BCHL),clarkson,, , ,-
Jack Sparkes,Jr,D,6-8,243,2003.0,"Ottawa, Ont.",Chilliwack (BCHL),clarkson,,2022,LAK,6
Ben Gaudreau,Fr,G,6-2,174,2003.0,"North Bay, Ont.",Trois-Rivières (ECHL),clarkson,,2021,SJS,3
Bryce Sookro,So,D,6-1,223,2004.0,"Nelson, B.C.",Cranbrook (BCHL),clarkson,, , ,-
Jace Letourneau,So,F,6-5,210,2004.0,"Arnprior, Ont.",Brooks (BCHL),clarkson,, , ,-
Adrian Misaljevic,So,F,5-11,174,2004.0,"Woodbridge, Ont.",Kitchener (OHL),clarkson,, , ,-
Mikael Huchette,Jr,F,6-3,214,2003.0,"Longueuil, Que.",Concordia (USports),clarkson,, , ,-
Justin Cote,So,F,5-6,170,2004.0,"Salaberry-de-Valleyfield, Que.",Québec (QMJHL),clarkson,, , ,-
Andrew Krakora,Fr,G,6-0,195,2005.0,"Pittsburgh, Pa.",Boston Jr. Rangers (NCDC),colgate,, , ,-
Nathan Larioza,Fr,D,6-1,210,2006.0,"Los Gatos, Calif.",Muskegon (USHL),colgate,, , ,-
Brandt Dubey,Fr,D,6-2,195,2006.0,"Orchard Park, N.Y.",Dubuque (USHL),colgate,, , ,-
Kyle Kim,So,D,6-2,188,2005.0,"Northville, Mich.",Boston University (HEA),colgate,, , ,-
Lukyan Shcherbyna,Fr,F,5-9,185,2006.0,"Vancouver, B.C.",Wenatchee (WHL),colgate,, , ,-
Isaiah Norlin,Jr,D,6-6,205,2003.0,"Minneapolis, Minn.",Omaha (NCHC),colgate,, , ,-
Simone Dadiè,Jr,F,6-2,210,2003.0,"Brunico, ITA",Powell River (BCHL),colgate,, , ,-
Antonio Fernandez,Sr,D,5-8,185,2003.0,"San Jose, Calif.",Colorado College (NCHC),colgate,, , ,-
Samuel Lyne,Fr,F,6-2,215,2005.0,"Chelmsford, Great Britain",Cranbrook (BCHL),colgate,, , ,-
Max Nagel,Jr,F,5-8,165,2004.0,"West St. Paul, Minn.",Madison (USHL),colgate,, , ,-
Jack Brandt,Jr,F,5-11,178,2004.0,"Columbus, Ohio",Madison (USHL),colgate,, , ,-
Luke Pakulak,Jr,F,6-4,215,2003.0,"Surrey, B.C.",Clarkson (ECAC),colgate,, , ,-
Ryan Sullivan,Sr,F,6-3,198,2002.0,"Calgary, Alb.",Camrose (AJHL),colgate,, , ,-
Braiden Clark,Fr,F,6-0,195,2005.0,"Columbus, Ohio",Providence (HEA),colgate,, , ,-
Elias Zimmerman,So,F,6-6,216,2005.0,"Gävle, Sweden",Massachusetts (HEA),colgate,, , ,-
Ryan Spinale,Jr,F,6-6,216,2004.0,"Plymouth, Mass.",Lincoln (USHL),colgate,, , ,-
Easton Wainwright,So,F,5-10,190,2005.0,"Mount Hope, Ont.",Sarnia (OHL),colgate,, , ,-
Niko Rexine,Sr,F,6-2,195,2002.0,"Syracuse, N.Y.",Muskegon (USHL),colgate,, , ,-
Porter Byrd-Leitner,Fr,F,6-0,185,2006.0,"Moorestown, N.J.",Oshawa (OHL),colgate,, , ,-
Tobias Ohman,Fr,F,5-8,170,2006.0,"Uppsala, Sweden",Sioux Falls (USHL),colgate,, , ,-
Jake Schneider,Sr,F,5-11,185,2002.0,"Plymouth, Minn.",Prince George (BCHL),colgate,, , ,-
Tyson Doucette,So,F,5-11,185,2004.0,"Sault Ste. Marie, Ont.",Sarnia (OHL),colgate,, , ,-
Josh Niedermayer,Jr,D,6-0,207,2004.0,"Newport Beach, Calif.",Penticton (BCHL),colgate,, , ,-
Brett Merner,Jr,D,6-1,190,2004.0,"Nanaimo, B.C.",Nanaimo (BCHL),colgate,, , ,-
Luke Malboeuf,So,D,6-0,185,2005.0,"Monroeville, Pa.",Dubuque (USHL),colgate,, , ,-
Davide Patella,So,F,6-2,205,2004.0,"Laval, Que.",Brooks (BCHL),colgate,, , ,-
Jack Olson,Jr,G,6-1,174,2003.0,"St. Louis Park, Minn.",Boston (NCDC),colgate,, , ,-
Reid Dyck,So,G,6-4,198,2004.0,"Winkler, Man.",Swift Current (WHL),colgate,,2022,BOS,6
Beckham Dempsey,So,G,6-1,184,2004.0,"Wayne, Ill.",Minnesota (NAHL),colorado-college,, , ,-
Seth Constance,Jr,D,6-2,188,2004.0,"Northville, Mich.",Northeastern (HEA),colorado-college,, , ,-
Max Burkholder,Sr,D,5-9,175,2003.0,"Chaska, Minn.",Dubuque (USHL),colorado-college,, , ,-
Ryan Koering,Jr,D,6-4,195,2005.0,"Eden Prairie, Minn.",Muskegon (USHL),colorado-college,, , ,-
Colton Roberts,So,D,6-4,210,2006.0,"Ridge Meadows, B.C.",Vancouver (WHL),colorado-college,,2024,SJS,5
Philippe Blais-Savoie,Jr,D,6-1,195,2005.0,"San Jose, Calif.",Tri-City (USHL),colorado-college,, , ,-
Brandon Lisowsky,So,F,5-9,184,2004.0,"Port Coquitlam, B.C.",Victoria (WHL),colorado-college,,2022,TOR,7
Owen Beckner,Jr,F,6-2,190,2005.0,"Victoria, B.C.",Tri-City (USHL),colorado-college,,2023,OTT,7
Bret Link,Sr,F,6-3,195,2002.0,"Anchorage, Alaska",Fargo (USHL),colorado-college,, , ,-
Zach Olsen,Fr,F,6-1,203,2008.0,"Calgary, Alb.",Saskatoon (WHL),colorado-college,,2026,TOR,3
Blake Jones,Fr,D,5-10,176,2005.0,"Winnipeg, Man.",New Jersey (NAHL),colorado-college,, , ,-
Connor Hvidston,So,F,6-3,185,2004.0,"Tisdale, Sask.",Calgary (WHL),colorado-college,,2022,ANA,5
Nick Baer,Jr,D,6-0,185,2004.0,"Minnetonka, Minn.",Bismarck (NAHL),colorado-college,, , ,-
Tomas Mrsic,So,F,6-0,175,2006.0,"Surrey, B.C.",Prince Albert (WHL),colorado-college,,2024,STL,4
Fisher Scott,Jr,D,6-1,185,2004.0,"Carbondale, Colo.",Dubuque (USHL),colorado-college,,2024,DET,7
Mateo Mrsic,So,F,5-11,185,2004.0,"Cloverdale, B.C.",Chilliwack (BCHL),colorado-college,, , ,-
Sebastian Vitali,Fr,F,6-0,181,2006.0,"Brooklyn, N.Y.",New Jersey (NAHL),colorado-college,, , ,-
Carmelo Crandell,So,F,5-11,176,2005.0,"St. Albert, Alb.",Arizona State (NCHC),colorado-college,, , ,-
Jordan Brisson,Jr,F,6-2,190,2003.0,"Manhattan Beach, Calif.",Chicago (USHL),colorado-college,, , ,-
Mats Lindgren,So,D,6-0,185,2004.0,"North Vancouver, B.C.",Wheeling (ECHL),colorado-college,,2022,BUF,4
Klavs Veinbergs,Sr,F,6-3,212,2003.0,"Riga, Latvia",Lincoln (USHL),colorado-college,,2022,TBL,7
Riley Stuart,Sr,F,6-2,210,2002.0,"Phoenix, Ariz.",Dubuque (USHL),colorado-college,, , ,-
Wilson Bjorck,So,F,6-0,165,2006.0,"Stockholm, Sweden",Djurgårdens IF,colorado-college,,2025,VAN,5
Ty Halaburda,Fr,F,5-11,187,2005.0,"Victoria, B.C.",Kelowna (WHL),colorado-college,, , ,-
Drew Montgomery,Sr,F,5-11,175,2003.0,"Grand Forks, N.D.",Omaha (USHL),colorado-college,, , ,-
Jackson Unger,So,G,6-2,188,2005.0,"Calgary, Alb.",Moose Jaw (WHL),colorado-college,, , ,-
Michal Pradel,Fr,G,6-5,198,2007.0,"Dolny Kubin, Slovakia",Tri-City (USHL),colorado-college,,2025,DET,3
Hudson Gorski,So,D,6-3,183,2005.0,"Scotch Plains, N.J.",Chicago (USHL),cornell,, , ,-
Luke McCrady,So,D,6-3,186,2005.0,"Calgary, Alb.",Spruce Grove (BCHL),cornell,, , ,-
Xavier Veilleux,So,D,6-1,198,2006.0,"L'Ancienne-Lorette, Que.",Muskegon (USHL),cornell,,2024,NYI,6
Ryland Randle,Fr,D,5-10,170,2006.0,"Winnipeg, Man.",Des Moines (USHL),cornell,, , ,-
George Fegaras,Sr,D,6-2,207,2004.0,"Richmond Hill, Ont.",Muskegon (USHL),cornell,,2022,DAL,3
Ivan Zadvernyuk,Jr,F,6-3,215,2004.0,"Moskva, Russia",Brown (ECAC),cornell,, , ,-
Luke Devlin,Sr,F,6-4,203,2004.0,"Memphis, Tenn.",West Kelowna (BCHL),cornell,,2022,PIT,6
Charlie Major,Jr,F,5-10,186,2004.0,"Skaneateles, N.Y.",Chicago (USHL),cornell,, , ,-
Jake Kraft,Sr,F,5-8,181,2003.0,"Rochester, N.Y.",Cedar Rapids (USHL),cornell,, , ,-
Luke Ashton,Jr,D,6-5,235,2005.0,"North Vancouver, B.C.",Minnesota State (CCHA),cornell,,2024,CBJ,6
Caton Ryan,So,F,6-0,185,2006.0,"San Francisco, Calif.",Penticton (BCHL),cornell,, , ,-
Gio DiGiulian,So,F,6-1,176,2005.0,"South Burlington, Vt.",Lincoln (USHL),cornell,, , ,-
Ryan Walsh,Sr,F,6-1,195,2003.0,"Rochester, N.Y.",Cedar Rapids (USHL),cornell,,2023,BOS,6
Tyler Catalano,Sr,F,6-4,223,2004.0,"St. Louis, Mo.",Youngstown (USHL),cornell,, , ,-
Michael Fisher,Jr,D,6-3,200,2004.0,"Westborough, Mass.",Northeastern (HEA),cornell,,2022,SJS,3
Aiden Long,So,F,6-2,203,2005.0,"Mono, Ont.",Madison (USHL),cornell,, , ,-
Reegan Hiscock,So,F,6-5,202,2004.0,"St. John's, Newf.",Victoria (BCHL),cornell,, , ,-
Connor Arseneault,So,F,6-2,215,2006.0,"Saint John, N.B.",Sioux City (USHL),cornell,, , ,-
Brad Gardiner,Fr,F,6-1,185,2005.0,"Aurora, Ont.",Barrie (OHL),cornell,,2023,DAL,3
Louis Wehmann,Fr,F,6-1,213,2006.0,"Wayzata, Minn.",Penticton (WHL),cornell,, , ,-
Chase Pirtle,So,F,6-2,182,2005.0,"Far Hills, N.J.",Victoria (BCHL),cornell,, , ,-
Charles Arend,Fr,F,6-1,195,2006.0,"Wilmette, Ill.",Dubuque (USHL),cornell,, , ,-
Nicholas Wolfenberg,Jr,D,6-2,210,2004.0,"Calgary, Alb.",Okotoks (BCHL),cornell,, , ,-
Donovan Hamilton,So,D,6-3,200,2005.0,"Buffalo, N.Y.",Salmon Arm (BCHL),cornell,, , ,-
Cal Hughes,Fr,F,6-0,185,2006.0,"Basking Ridge, N.J.",Erie (OHL),cornell,, , ,-
Cole Tuminaro,Fr,D,6-4,230,2007.0,"South Beloit, Ill.",Chicago (USHL),cornell,,2026,COL,5
Parker Murray,Jr,F,6-5,230,2003.0,"Manhattan Beach, Calif.",Chilliwack (BCHL),cornell,, , ,-
Coco Armstrong,Fr,F,6-0,200,2006.0,"West Vancouver, B.C.",Spokane (WHL),cornell,, , ,-
Justin Katz,Jr,G,6-1,189,2004.0,"Mont-Royal, Que.",Powell River (BCHL),cornell,, , ,-
Erick Roest,So,G,6-0,174,2004.0,"Lethbridge, Alb.",Cowichan Valley (BCHL),cornell,, , ,-
Mathis Rousseau,So,G,5-11,185,2004.0,"Montréal, Que.",Maine (HEA),cornell,, , ,-
Eric Charpentier,Sr,D,6-3,205,2002.0,"Silver Spring, Md.",New Jersey (NAHL),dartmouth,, , ,-
CJ Foley,Sr,D,5-11,175,2004.0,"Hanover, Mass.",Salmon Arm (BCHL),dartmouth,, , ,-
Matt Fusco,Sr,D,5-11,195,2003.0,"Westwood, Mass.",West Kelowna (BCHL),dartmouth,, , ,-
Nikita Nikora,Sr,F,5-10,170,2004.0,"St. Petersburg, Russia",Springfield (NAHL),dartmouth,, , ,-
Austin Salani,Jr,F,6-1,195,2003.0,"Hancock, Mich.",Austin (NAHL),dartmouth,, , ,-
Colin Grable,Jr,D,6-2,190,2003.0,"Spring Lake, N.J.",Cedar Rapids (USHL),dartmouth,, , ,-
Hayden Stavroff,Jr,F,5-11,190,2004.0,"Dublin, Ohio",Alberni Valley (BCHL),dartmouth,, , ,-
Nathan Morin,So,F,5-10,160,2004.0,"St-Augustin-de-Desmaures, Que.",Chilliwack (BCHL),dartmouth,, , ,-
Tim Busconi,Jr,D,6-1,170,2004.0,"Milton, Mass.",Victoria (BCHL),dartmouth,, , ,-
Joshua Schenk,Jr,F,6-2,200,2004.0,"Whitehorse, Yukon",Trail (BCHL),dartmouth,, , ,-
Hank Cleaves,Jr,F,6-5,200,2003.0,"Riverside, Conn.",Vernon (BCHL),dartmouth,, , ,-
Drew Stewart,Fr,F,5-8,175,2005.0,"Minnetonka, Minn.",Muskegon (USHL),dartmouth,, , ,-
Brock Devlin,So,D,5-11,170,2005.0,"Mission Viejo, Calif.",Anchorage (NAHL),dartmouth,, , ,-
Andrew Clarke,So,F,5-11,170,2004.0,"Creve Coeur, Mo.",Des Moines (USHL),dartmouth,, , ,-
Cooper Cleaves,So,D,6-4,205,2006.0,"Riverside, Conn.",Green Bay (USHL),dartmouth,,2026,MTL,3
Grant Young,Fr,F,5-11,185,2006.0,"Boulder, Colo.",Cedar Rapids (USHL),dartmouth,, , ,-
Matt Desiderio,So,D,6-3,210,2005.0,"North Caldwell, N.J.",Brown (ECAC),dartmouth,, , ,-
Ryan Schelling,So,F,6-0,175,2004.0,"Airmont, N.Y.",Langley (BCHL),dartmouth,, , ,-
Tyler Grahme,So,F,6-0,185,2004.0,"Bloomington, Minn.",West Kelowna (BCHL),dartmouth,, , ,-
Roan Clarke,Sr,G,6-3,190,2003.0,"Cloverdale, B.C.",Vernon (BCHL),dartmouth,, , ,-
Ben Buckley,Fr,F,5-11,185,2005.0,"Warwick, R.I.",Spruce Grove (BCHL),dartmouth,, , ,-
Owen Desilets,Sr,D,6-1,175,2004.0,"Airdrie, Alb.",Alberni Valley (BCHL),dartmouth,, , ,-
Ryan Harvey,Fr,D,6-0,195,2005.0,"Stouffville, Ont.",Cowichan Valley (BCHL),dartmouth,, , ,-
Emmett Croteau,Sr,G,6-4,205,2003.0,"Bonnyville, Alb.",Waterloo (USHL),dartmouth,,2022,MTL,6
Brock Cummings,So,F,6-2,195,2005.0,"Mississauga, Ont.",Prince George (BCHL),dartmouth,, , ,-
Grayden Robertson-Palmer,Fr,F,5-11,195,2007.0,"Kanata, Ont.",Moncton (QMJHL),dartmouth,,2025,DET,7
Jack Silverberg,Jr,F,5-9,165,2004.0,"Sherwood Park, Alb.",Okotoks (BCHL),dartmouth,, , ,-
Sebastian Gatto,Fr,G,6-4,185,2006.0,"Troy, Mich.",London (OHL),dartmouth,, , ,-
Jason Stefanek,So,F,5-11,175,2004.0,"Yorba Linda, Calif.",Trail (BCHL),dartmouth,, , ,-
Jesse Allecia,Fr,F,6-1,195,2005.0,"New York, N.Y.",Drummondville (QMJHL),dartmouth,, , ,-
Tory Pitner,Jr,D,6-1,190,2006.0,"El Cerrito, Calif.",Youngstown (USHL),denver,,2024,COL,6
Cale Ashcroft,Sr,D,5-11,195,2004.0,"St. Albert, Alb.",Tri-City (USHL),denver,, , ,-
Ryan Lin,Fr,D,5-11,180,2008.0,"Richmond, B.C.",Vancouver (WHL),denver,,2026,SJS,1
Alec Whipple,Jr,D,5-11,187,2004.0,"Excelsior, Minn.",Trail (BCHL),denver,, , ,-
Kristian Epperson,So,F,6-0,180,2006.0,"Mequon, Wis.",Saginaw (OHL),denver,,2025,LAK,3
Michael Berchild,Fr,F,5-10,180,2008.0,"Excelsior, Minn.",USA U-18 Team (USHL),denver,,2026,CAR,4
Jack Pridham,Fr,F,6-2,195,2005.0,"Stouffville, Ont.",Kitchener (OHL),denver,,2024,CHI,3
Daxon Rudolph,Fr,D,6-2,208,2008.0,"Lacombe, Alb.",Prince Albert (WHL),denver,,2026,BUF,1
Sam Harris,Sr,F,6-0,190,2003.0,"San Diego, Calif.",Sioux Falls (USHL),denver,,2023,MTL,5
Max Heise,Fr,F,6-3,180,2006.0,"Calgary, Alb.",Prince Albert (WHL),denver,,2025,SJS,5
Eric Jamieson,So,D,6-3,210,2005.0,"Calgary, Alb.",Everett (WHL),denver,,2024,CGY,6
Kyle Chyzowski,So,F,5-10,175,2004.0,"Surrey, B.C.",Portland (WHL),denver,, , ,-
Brady Milburn,So,F,6-2,200,2005.0,"Kamloops, B.C.",Youngstown (USHL),denver,, , ,-
Payton Nelson,So,F,5-11,185,2005.0,"Centennial, Colo.",Salmon Arm (BCHL),denver,, , ,-
Jake Fisher,Jr,F,6-2,202,2005.0,"Woodbury, Minn.",Fargo (USHL),denver,,2024,COL,4
Ben MacBeath,Fr,D,6-2,195,2008.0,"Calgary, Alb.",Calgary (WHL),denver,,2026,NYR,2
Brendan McMorrow,So,F,6-0,180,2006.0,"Lakeville, Minn.",Waterloo (USHL),denver,,2025,LAK,7
Ryan Miller,Fr,F,6-0,190,2007.0,"Medicine Hat, Alb.",Wilkes-Barre/Scranton (AHL),denver,,2025,PIT,5
Kieran Cebrian,Sr,F,6-2,203,2003.0,"Denver, Colo.",Tri-City (USHL),denver,, , ,-
Clarke Caswell,So,F,6-0,180,2006.0,"Brandon, Man.",Swift Current (WHL),denver,,2024,SEA,5
James Reeder,Jr,F,5-10,175,2005.0,"Glenview, Ill.",Dubuque (USHL),denver,,2024,LAK,7
Reid Varkonyi,So,F,5-10,190,2006.0,"Sherwood Park, Alb.",Sioux Falls (USHL),denver,, , ,-
Paxton Geisel,Sr,G,6-2,195,2004.0,"Estevan, Sask.",Muskegon (USHL),denver,, , ,-
Johnny Hicks,So,G,5-10,160,2005.0,"Kamloops, B.C.",Victoria (WHL),denver,, , ,-
Tyler Krivtsov,Jr,G,6-1,180,2003.0,"Santa Clarita, Calif.",Alaska-Anchorage (D-I Ind.),denver,, , ,-
Blake Fiddler,Fr,D,6-5,210,2007.0,"Nashville, Tenn.",Edmonton (WHL),denver,,2025,SEA,2
Christopher Lie,Jr,D,5-10,168,2005.0,"Hamar, Norway",Malmö (J20 Nationell),ferris-state,, , ,-
Luke Coughlin,Fr,D,5-10,183,2005.0,"Charlottetown, P.E.I.",Maine (HEA),ferris-state,,2023,FLA,6
Adyn Merrick,Fr,F,6-1,205,2005.0,"Boston, Mass.",Chicago (USHL),ferris-state,, , ,-
Austin Zemlak,So,D,6-1,185,2005.0,"Fort McMurray, Alb.",Arizona State (NCHC),ferris-state,, , ,-
Briggs Orr,Fr,D,6-2,200,2005.0,"Denver, Colo.",Aberdeen (NAHL),ferris-state,, , ,-
Zach Bade,Jr,F,6-2,183,2003.0,"Rosemount, Minn.",Western Michigan (NCHC),ferris-state,, , ,-
Jack Mesic,Sr,D,5-10,180,2002.0,"Plymouth, Mich.",Western Michigan (NCHC),ferris-state,, , ,-
Brian Morse,So,D,6-1,185,2003.0,"Fresno, Calif.",Maine (HEA),ferris-state,, , ,-
Gavin Garland,Fr,F,5-10,190,2006.0,"Clearwater, Fla.",Tri-City (WHL),ferris-state,, , ,-
Akseli Pulkkanen,Fr,F,5-11,181,2006.0,"Tampere, Finland",KalPa (U20 SM-sarja),ferris-state,, , ,-
Holden Doell,Sr,F,5-11,175,2003.0,"Martensville, Sask.",Battlefords (SJHL),ferris-state,, , ,-
Nicholas Johnson,Fr,F,6-2,207,2005.0,"Calgary, Alb.",Brandon (WHL),ferris-state,, , ,-
Nathan Leek,Fr,F,6-2,216,2005.0,"Alliston, Ont.",Charlottetown (QMJHL),ferris-state,, , ,-
Justin Stupka,So,F,6-2,214,2005.0,"Pittsburgh, Pa.",Miami (NCHC),ferris-state,, , ,-
Aidan Dyer,Fr,F,5-11,172,2005.0,"Grand Rapids, Mich.",Sioux City (USHL),ferris-state,, , ,-
Ryan Kusler,Jr,F,6-0,187,2003.0,"Battle Creek, Mich.",Western Michigan (NCHC),ferris-state,, , ,-
Hudson Darby,Fr,F,6-2,183,2006.0,"Swift Current, Sask.",Swift Current (WHL),ferris-state,, , ,-
Nathan Mackie,Jr,F,5-11,194,2004.0,"Prince George, B.C.",Michigan State (B10),ferris-state,, , ,-
Colton Jamieson,So,D,6-0,198,2004.0,"Hudson, Wis.",St. Thomas (CCHA),ferris-state,, , ,-
Reggie Newman,Fr,F,6-2,207,2005.0,"Kamloops, B.C.",Victoria (WHL),ferris-state,, , ,-
Trevor Taulien,Sr,D,6-5,230,2003.0,"Crystal Lake, Ill.",Dubuque (USHL),ferris-state,, , ,-
Alan Lendak,Fr,G,6-1,174,2006.0,"Nitra, Slovakia",Des Moines (USHL),ferris-state,, , ,-
Noah Rupprecht,Sr,G,5-11,185,2002.0,"Thief River Falls, Minn.",Long Island (D-I Ind.),ferris-state,, , ,-
Owen Mehlenbacher,Sr,F,6-2,190,2004.0,"Fort Erie, Ont.",Massachusetts (HEA),ferris-state,,2022,DET,7
Brecken Smith,Fr,F,5-9,183,2006.0,"Jackson, Mich.",Tri-City (USHL),ferris-state,, , ,-
Urban Podrekar,Fr,D,6-0,205,2005.0,"Kranj, Slovenia",Flint (OHL),ferris-state,, , ,-
Martin Lundberg,Jr,G,6-1,181,2005.0,"Furuberget, Norway",Mora IK (J20 Nationell),ferris-state,, , ,-
Evan Zhang,Jr,G,6-2,165,2006.0,"Sherborn, Mass.",Cape Cod (EHF 18U Elite),harvard,, , ,-
David Hejduk,Sr,D,6-2,205,2004.0,"Parker, Colo.",Wenatchee (BCHL),harvard,, , ,-
Matthew Biotti,So,D,6-6,228,2004.0,"Cambridge, Mass.",Penticton (BCHL),harvard,, , ,-
Sean Keohane,Jr,D,6-4,205,2004.0,"Milton, Mass.",Dexter Southfield (USHS),harvard,,2023,BUF,6
Richard Gallant,So,F,5-8,173,2007.0,"Concord, Mass.",USA U-18 Team (NTDP),harvard,,2025,SJS,7
Niles Benson,Fr,F,6-2,200,2007.0,"Safety Harbor, Fla.",Muskegon (USHL),harvard,, , ,-
Michael Callow,Sr,F,6-4,207,2004.0,"Boston, Mass.",Muskegon (USHL),harvard,,2022,ANA,5
Heikki Ruohonen,So,F,6-2,215,2006.0,"Helsinki, Finland",Dubuque (USHL),harvard,,2024,PHI,4
Ryan Fine,Sr,F,5-9,183,2005.0,"Center Moriches, N.Y.",USA U-18 Team (NTDP),harvard,, , ,-
Justin Solovey,Jr,F,6-2,210,2004.0,"Holmdel, N.J.",43 Oak Foundation (JPL-Pro),harvard,, , ,-
Alex Huang,Fr,D,6-1,182,2007.0,"Rosemère, Que.",Chicoutimi (QMJHL),harvard,,2025,NSH,4
Matthew Morden,Sr,D,6-4,208,2004.0,"Hamilton, Ont.",Muskegon (USHL),harvard,,2022,ARI,5
Joseph Salandra,Fr,F,5-11,195,2008.0,"Pleasantville, N.Y.",Barrie (OHL),harvard,, , ,-
William McDonough,Jr,F,6-2,200,2005.0,"Duxbury, Mass.",Sioux Falls (USHL),harvard,, , ,-
Will Hughes,Jr,F,6-3,215,2004.0,"Andover, Mass.",Muskegon (USHL),harvard,, , ,-
Donato Bracco,So,D,5-11,175,2007.0,"Locust Valley, N.Y.",USA U-18 Team (NTDP),harvard,, , ,-
Ben MacDonald,Sr,F,6-1,193,2004.0,"Weston, Mass.",West Kelowna (BCHL),harvard,,2022,SEA,3
Drake Murray,So,D,6-2,200,2006.0,"Manhattan Beach, Calif.",Sioux City (USHL),harvard,, , ,-
Cam Johnson,Sr,F,5-10,167,2004.0,"Vancouver, B.C.",Chicago (USHL),harvard,, , ,-
Justin Graf,Fr,F,6-1,175,2007.0,"Boston, Mass.",Cedar Rapids (USHL),harvard,,2026,NSH,4
Salvatore Guzzo,Sr,F,6-0,185,2005.0,"Old Tappan, N.J.",USA U-18 Team (NTDP),harvard,, , ,-
Chase Stefanek,So,F,6-1,195,2006.0,"Yorba Linda, Calif.",Muskegon (USHL),harvard,, , ,-
Rudy Guimond,Fr,G,6-4,197,2005.0,"Pointe-Claire, Que.",Moncton (QMJHL),harvard,,2023,DET,6
Lucas St. Louis,Jr,D,5-11,180,2005.0,"Burlington, Vt.",Dubuque (USHL),harvard,, , ,-
Mick Thompson,Jr,F,5-11,192,2004.0,"Toronto, Ont.",Chicago (USHL),harvard,, , ,-
Ben Charette,Jr,G,6-3,180,2003.0,"Aurora, Ont.",Whitecourt (AJHL),harvard,, , ,-
James Mackey,So,D,6-7,235,2005.0,"Villanova, Pa.",Dubuque (USHL),harvard,, , ,-
Eli Heinze,Fr,F,6-3,194,2005.0,"Santa Barbara, Calif.",South Shore (NCDC),harvard,, , ,-
Aidan Lane,So,F,6-1,200,2007.0,"Mississauga, Ont.",Brampton (OHL),harvard,,2025,CGY,6
Andrew Lacroix,So,F,6-0,180,2005.0,"Livingston, N.J.",Massachusetts (HEA),holy-cross,, , ,-
Brody Gagno,Sr,D,6-1,190,2002.0,"Langley, B.C.",Surrey (BCHL),holy-cross,, , ,-
Anthony Biakabutuka,So,D,6-3,210,2006.0,"Longueuil, Que.",Nanaimo (BCHL),holy-cross,, , ,-
William Troutwine,Sr,D,6-3,225,2002.0,"Eveleth, Minn.",Janesville (NAHL),holy-cross,, , ,-
Christian Maro,Fr,F,6-1,190,2005.0,"Stamford, Conn.",Vernon (BCHL),holy-cross,, , ,-
Anthony Carone,So,F,6-1,183,2003.0,"Pittsburgh, Pa.",Victoria (BCHL),holy-cross,, , ,-
Ryan Buckley,Jr,D,6-1,195,2004.0,"Warwick, R.I.",Alberni Valley (BCHL),holy-cross,, , ,-
David Hymovitch,Jr,F,6-0,185,2003.0,"Phoenix, Ariz.",Arizona State (NCHC),holy-cross,, , ,-
Andrew DellaSalla,Fr,F,6-0,180,2006.0,"New York, N.Y.",Chilliwack (BCHL),holy-cross,, , ,-
Matthew Kursonis,Jr,F,6-1,195,2004.0,"Worcester, Mass.",Alberni Valley (BCHL),holy-cross,, , ,-
William Elias,Sr,D,6-0,180,2003.0,"Weston, Mass.",Cowichan (BCHL),holy-cross,, , ,-
Owain Johnston,So,D,6-1,196,2003.0,"Toronto, Ont.",St. Francis Xavier (USports),holy-cross,, , ,-
Jarrod Smith,Jr,F,5-10,180,2004.0,"West Vancouver, B.C.",Cranbrook (AJHL),holy-cross,, , ,-
Boden Sampair,Fr,F,5-10,185,2006.0,"Mahtomedi, Minn.",Sherwood Park (BCHL),holy-cross,, , ,-
Ty Gagno,Sr,F,6-2,185,2003.0,"Langley, B.C.",Prince George (BCHL),holy-cross,, , ,-
Ben Riche,So,F,5-11,200,2005.0,"Bethune, Sask.",Quinnipiac (ECAC),holy-cross,, , ,-
Preston Lounsbury,Fr,F,6-0,180,2005.0,"Salisbury, N.B.",Moncton (QMJHL),holy-cross,, , ,-
Owen Kim,Jr,F,5-9,165,2004.0,"North Vancouver, B.C.",Vernon (BCHL),holy-cross,, , ,-
Jack Martin,Fr,D,6-1,197,2005.0,"Upper Coverdale, N.B.",Rimouski (QMJHL),holy-cross,, , ,-
Daniel D'Alessandro,Fr,D,5-9,180,2006.0,"Essex Fells, N.J.",Sioux City (USHL),holy-cross,, , ,-
William Reardon,So,F,6-6,210,2004.0,"Philadelphia, Pa.",Corpus Christi (NAHL),holy-cross,, , ,-
Ryan Flaherty,Fr,F,6-2,182,2005.0,"Milton, Mass.",Rochester (NAHL),holy-cross,, , ,-
Jack Larrigan,Jr,F,5-10,185,2004.0,"St. Louis, Mo.",Notre Dame (B10),holy-cross,, , ,-
Connor Welsh,Sr,F,5-11,180,2004.0,"Greenwich, Conn.",Vernon (BCHL),holy-cross,, , ,-
Danick Leroux,So,G,6-2,200,2005.0,"Candiac, Que.",Rochester (NAHL),holy-cross,, , ,-
Connor Towle,Fr,G,6-2,190,2006.0,"Fairfield, Conn.",Cape Breton (QMJHL),holy-cross,, , ,-
Connor MacKenzie,Sr,G,6-0,190,2002.0,"Toronto, Ont.",Grand Prairie (AJHL),holy-cross,, , ,-
Cooper Conway,Fr,F,6-0,180,2005.0,"Andover, Minn.",Salmon Arm (BCHL),holy-cross,, , ,-
Quinn McCall,So,D,5-11,183,2005.0,"St. John, Ind.",Erie (OHL),holy-cross,, , ,-
Noah Eyre,Jr,F,5-11,180,2004.0,"Vienna, Va.",Quinnipiac (ECAC),holy-cross,, , ,-
Charles Tritt,Fr,G,6-0,170,2005.0,"Vancouver, B.C.",Flin Flon Bombers (SJHL),lake-superior-state,, , ,-
Joey Potter,Jr,D,5-11,185,2003.0,"Los Angeles, Calif.",Alaska-Anchorage (D-I Ind.),lake-superior-state,, , ,-
Charles Savoie,Jr,F,6-2,168,2003.0,"St-Eustache, Que.",Lindenwood (D-I Ind.),lake-superior-state,, , ,-
Calem Mangone,So,F,5-9,166,2004.0,"Sault Ste. Marie, Ont.",Saginaw (OHL),lake-superior-state,, , ,-
Cooper Foster,Fr,F,6-0,190,2005.0,"Sault Ste. Marie, Ont.",Ottawa (OHL),lake-superior-state,,2023,PIT,6
Carter Batchelder,Sr,F,5-10,175,2003.0,"Savage, Minn.",Des Moines (USHL),lake-superior-state,, , ,-
Doogan Pederson,Fr,D,6-3,176,2006.0,"Langley, B.C.",Penticton (WHL),lake-superior-state,, , ,-
Wilson Dahlheimer,Jr,F,5-10,175,2003.0,"Monticello, Minn.",Muskegon (USHL),lake-superior-state,, , ,-
Mans Toresson,Fr,F,6-1,187,2006.0,"Göteborg, Sweden",Frölunda HC (SHL),lake-superior-state,, , ,-
Samuel Belanger,So,D,6-4,229,2004.0,"Montréal, Que.",Cranbrook (BCHL),lake-superior-state,, , ,-
Reese Shaw,Fr,F,6-2,194,2005.0,"Coon Rapids, Minn.",Chilliwack (BCHL),lake-superior-state,, , ,-
Ethan Moore,Fr,F,6-1,176,2005.0,"Okotoks, Alb.",Calgary (WHL),lake-superior-state,, , ,-
Kazumo Sasaki,Fr,F,5-10,172,2005.0,"Nishitokyo, JPN",Youngstown (USHL),lake-superior-state,, , ,-
Tyson Galloway,Jr,D,6-4,205,2003.0,"Kamloops, B.C.",Calgary (USports),lake-superior-state,,2021,STL,5
William Samuelsson,Fr,F,6-2,218,2005.0,"Södertälje, Sweden",Green Bay (USHL),lake-superior-state,,2024,DAL,7
John Herrington,Sr,F,5-11,185,2002.0,"Hudson's Hope, B.C.",Prince George (BCHL),lake-superior-state,, , ,-
Adam Belusko,Fr,D,5-11,198,2006.0,"Kosice, Slovakia",Muskegon (USHL),lake-superior-state,, , ,-
Hunter Ramos,So,F,5-9,154,2005.0,"Fort Wayne, Ind.",Waterloo (USHL),lake-superior-state,, , ,-
Andrew Oke,So,G,6-2,193,2004.0,"Shelby Township, Mich.",Saginaw (OHL),lake-superior-state,, , ,-
Anders Miller,Fr,G,6-2,190,2006.0,"Anchorage, Alaska",Calgary (WHL),lake-superior-state,, , ,-
Casper Nassen,Jr,F,6-4,214,2004.0,"Norrtälje, Sweden",Miami (NCHC),lake-superior-state,,2023,BOS,7
Hadley Hudak,Jr,F,6-4,205,2003.0,"Canton, Mich.",Springfield (NAHL),lake-superior-state,, , ,-
Nolan Seed,Sr,D,6-0,190,2002.0,"Newboro, Ont.",Lindenwood (D-I Ind.),lake-superior-state,, , ,-
Markus Loponen,Fr,F,6-1,185,2006.0,"Oulu, Finland",HPK (U20 SM-sarja),lake-superior-state,,2024,WPG,5
Raoul Boilard,Fr,F,6-2,192,2006.0,"Sherbrooke, Que.",Cape Breton (QMJHL),lake-superior-state,,2024,NYR,4
Matteo Mann,So,D,6-6,229,2004.0,"Sackville, N.B.",Colorado College (NCHC),lake-superior-state,,2023,PHL,7
Pierson Sobush,So,F,5-9,170,2004.0,"Sudbury, Ont.",Corpus Christi (NAHL),lake-superior-state,, , ,-
Teo Besnier,Fr,D,5-9,168,2005.0,"Briançon, France",Dubuque (USHL),lake-superior-state,, , ,-
Matheson Mason,So,F,6-0,179,2004.0,"Toronto, Ont.",Spruce Grove (BCHL),lake-superior-state,, , ,-
Ryan Abraham,So,F,5-8,170,2004.0,"Troy, Mich.",Michigan Tech (CCHA),lindenwood,, , ,-
Kim ELFVING,Fr,D,6-4,209,2005.0,"Södertälje, Sweden",Södertälje SK (U20 Nationell),lindenwood,, , ,-
Jonathan Wong,So,D,5-9,161,2004.0,"North Vancouver, B.C.",Alberni Valley (BCHL),lindenwood,, , ,-
Connor Gengle,So,D,5-9,150,2005.0,"Grand Rapids, Mich.",Sherwood Park (BCHL),lindenwood,, , ,-
William Winemaster,So,F,6-3,205,2003.0,"Chicago, Ill.",Charlotte (USPHL),lindenwood,, , ,-
Michael Bevilacqua,Sr,D,6-2,205,2003.0,"Hamburg, N.Y.",Bowling Green (CCHA),lindenwood,, , ,-
Andrew LeBlanc,So,F,6-0,186,2004.0,"George Town, CYM",Mercyhurst (AHA),lindenwood,, , ,-
Jacob Delaney,So,D,6-2,218,2004.0,"Glen Ellyn, Ill.",Sioux City (USHL),lindenwood,, , ,-
Christopher Thibodeau,Fr,F,5-10,170,2005.0,"Charleston, S.C.",Flint (OHL),lindenwood,, , ,-
Chase LaPinta,Jr,F,5-9,190,2004.0,"Frisco, Texas",Omaha (NCHC),lindenwood,, , ,-
Jacob Leblanc,So,D,6-1,192,2004.0,"George Town, CYM",Mercyhurst (AHA),lindenwood,, , ,-
Ethan Zielke,Sr,F,5-10,180,2003.0,"Calgary, Alb.",Humboldt (SJHL),lindenwood,, , ,-
Adam Raesler,Jr,F,6-0,165,2003.0,"Edmonton, Alb.",Sherwood Park (BCHL),lindenwood,, , ,-
Will Schumacher,So,F,5-11,175,2004.0,"Prior Lake, Minn.",Mercyhurst (AHA),lindenwood,, , ,-
Anselmo Rego,So,F,5-9,176,2005.0,"Brampton, Ont.",Penticton (BCHL),lindenwood,, , ,-
Andrew Earl,Fr,F,6-0,190,2005.0,"Eden Prairie, Minn.",New Mexico (NAHL),lindenwood,, , ,-
Ethan Elias,Jr,D,5-8,187,2003.0,"Maple Grove, Minn.",St. Thomas (CCHA),lindenwood,, , ,-
Kian Bell,Jr,F,5-10,170,2003.0,"Ottawa, Ont.",Acadia (USports),lindenwood,, , ,-
Kyle Rohrer,Fr,F,6-0,174,2005.0,"Oregon, Wis.",Fairbanks (NAHL),lindenwood,, , ,-
Ty Nash,Jr,F,5-11,179,2003.0,"Scottsdale, Ariz.",Arizona State (NCHC),lindenwood,, , ,-
Noah Dziver,Fr,F,6-0,185,2005.0,"Winnipeg, Man.",Minnesota (NAHL),lindenwood,, , ,-
Caden Brown,Fr,F,5-11,190,2005.0,"Fort St. John, B.C.",Regina Pats (WHL),lindenwood,, , ,-
Tyler Loughman,Jr,F,5-11,174,2003.0,"St. Louis, Mo.",Canmore (AJHL),lindenwood,, , ,-
Brady McIsaac,So,F,5-9,165,2004.0,"Prince George, B.C.",Alberni Valley (BCHL),lindenwood,, , ,-
Brody Mortensen,Jr,D,6-0,185,2004.0,"Humboldt, Sask.",Canmore (AJHL),lindenwood,, , ,-
Cody Butikis,Fr,G,6-3,214,2005.0,"Sewell, N.J.",Austin (NAHL),lindenwood,, , ,-
Klayton Knapp,Jr,G,6-2,185,2003.0,"Sylvania, Ohio",Minnesota-Duluth (NCHC),lindenwood,, , ,-
Liam Beerman,So,G,6-0,165,2004.0,"Marquette, Mich.",Dubuque (USHL),lindenwood,, , ,-
Trent Powell,Jr,D,5-10,185,2004.0,"Soldotna, Alaska",Anchorage (NAHL),long-island-university,, , ,-
Blake Matheson,So,D,6-2,195,2005.0,"Everett, Wash.",Winkler (MJHL),long-island-university,, , ,-
Conner Brown,So,D,6-0,190,2003.0,"Maplewood, Minn.",Ferris State (CCHA),long-island-university,, , ,-
JT Veney,Fr,D,6-7,225,2005.0,"Rochester, Minn.",Youngstown (USHL),long-island-university,, , ,-
Anthony Calafiore,Sr,F,5-8,170,2002.0,"Staten Island, N.Y.",Maine (HEA),long-island-university,, , ,-
Heath Armstrong,Sr,F,5-9,172,2002.0,"Calgary, Alb.",Brooks (AJHL),long-island-university,, , ,-
John McMahon,So,F,5-11,190,2004.0,"Oceanside, N.Y.",New Jersey (NAHL),long-island-university,, , ,-
Brennan Nelson,Jr,F,5-11,205,2003.0,"Edmonton, Alb.",West Kelowna (BCHL),long-island-university,, , ,-
Luca Leighton,Jr,F,5-9,185,2003.0,"Old Brookville, N.Y.",Rochester (NAHL),long-island-university,, , ,-
Luc Bydal,Fr,F,6-2,195,2005.0,"Grand Forks, N.D.",Anchorage (NAHL),long-island-university,, , ,-
Alexis Bourque,Fr,F,6-1,195,2005.0,"Gatineau, Que.",Victoriaville (QMJHL),long-island-university,, , ,-
Lucas Lemieux,So,D,6-4,215,2005.0,"Edmonton, Alb.",RPI (ECAC),long-island-university,, , ,-
Sixten Jennersjö,Jr,F,5-11,190,2003.0,"Ekerö, Sweden",Northeast (NAHL),long-island-university,, , ,-
Anthony Lucarelli,Jr,F,6-3,212,2003.0,"Chatham, Ont.",Powell River (BCHL),long-island-university,, , ,-
Sam Ranallo,So,F,5-10,170,2004.0,"Rogers, Minn.",Cranbrook (BCHL),long-island-university,, , ,-
Bo Cosman,Sr,F,6-3,206,2002.0,"Milton, Ga.",Minnesota (NAHL),long-island-university,, , ,-
Nate Benoit,Sr,D,6-2,187,2002.0,"Bow, N.H.",Quinnipiac (ECAC),long-island-university,,2021,MIN,6
Dalton Andrew,Jr,F,6-5,215,2003.0,"Brandon, Man.",North Dakota (NCHC),long-island-university,, , ,-
Luke Hause,Fr,D,6-4,195,2004.0,"St. Paul, Minn.",Kenai River (NAHL),long-island-university,, , ,-
August Classon,So,D,6-1,194,2004.0,"Stockholm, Sweden",Mass.-Lowell (HEA),long-island-university,, , ,-
Isaac Lambert,Jr,F,6-1,195,2003.0,"Victoriaville, Que.",Salmon Arm (BCHL),long-island-university,, , ,-
Dylan Kinch,So,F,6-0,192,2004.0,"Salzburg, Austria",Nanaimo (BCHL),long-island-university,, , ,-
Garrett Valk,Sr,D,6-3,205,2002.0,"North Vancouver, B.C.",Langley (BCHL),long-island-university,, , ,-
Jaden Dyke,So,F,6-4,205,2004.0,"St. John's, Newf.",Rochester (NAHL),long-island-university,, , ,-
Daniel Duris,So,G,6-1,180,2003.0,"Martin, Slovakia",Oklahoma (NAHL),long-island-university,, , ,-
Carter Bickle,So,G,6-1,180,2004.0,"Brooklin, Ont.",King Rebellion (OJHL),long-island-university,, , ,-
Samuel Rousseau,Fr,F,6-0,200,2005.0,"St-Eustache, Que.",Halifax (QMJHL),long-island-university,, , ,-
Lukas Renaud,So,G,6-3,205,2004.0,"Montréal, Que.",Calgary (AJHL),long-island-university,, , ,-
J.R. Perdion,Jr,F,6-1,195,2003.0,"Strongsville, Ohio",Prince George (BCHL),long-island-university,, , ,-
Dane Callaway,Fr,G,6-3,215,2005.0,"Duluth, Minn.",Waterloo (USHL),long-island-university,, , ,-
Zachary Benayon,Fr,F,6-2,207,2005.0,"Vaughan, Ont.",Langley (BCHL),long-island-university,, , ,-
Lukas Peterson,So,D,5-10,168,2006.0,"Waldwick, N.J.",Green Bay (USHL),maine,, , ,-
Chris Romaine,Jr,D,6-0,190,2004.0,"Boston, Mass.",Ohio State (B10),maine,,2022,COL,6
Alexander Bales,Jr,D,5-9,180,2006.0,"East Amherst, N.Y.",Providence (HEA),maine,, , ,-
Jeremy Langlois,So,D,6-1,185,2003.0,"Ste-Brigitte-de-Laval, Que.",Rouyn-Noranda (QMJHL),maine,,2022,ARI,3
Charlie Russell,Sr,F,5-11,174,2003.0,"Skaneateles, N.Y.",Clarkson (ECAC),maine,, , ,-
Owen Fowler,Gr,F,5-9,190,2002.0,"Tewksbury, Mass.",Mass.-Lowell (HEA),maine,, , ,-
Dante Siciliano,Fr,D,6-2,194,2005.0,"Whitby, Ont.",Brooks (BCHL),maine,, , ,-
Sully Scholle,Sr,F,5-10,180,2003.0,"Chaska, Minn.",New Mexico (NAHL),maine,, , ,-
Ross Campbell,Fr,F,5-10,181,2006.0,"Souris, P.E.I.",Charlottetown (QMJHL),maine,, , ,-
Loic Usereau,So,D,6-0,176,2004.0,"Saint-Michel, Que.",Chicoutimi (QMJHL),maine,, , ,-
Ludvig Lafton,Fr,D,6-2,194,2006.0,"Bærum, Norway",Dubuque (USHL),maine,,2024,UTA,6
Judah Makway,So,F,6-3,190,2004.0,"Trail, B.C.",Alaska-Anchorage (D-I Ind.),maine,, , ,-
Tanner Klimpke,Sr,F,6-2,174,2002.0,"Calgary, Alb.",Robert Morris (AHA),maine,, , ,-
Isa Parekh,Jr,D,6-0,161,2003.0,"Toronto, Ont.",Bemidji State (CCHA),maine,, , ,-
William Gerrior,So,F,5-10,179,2004.0,"Halifax, N.S.",Ottawa (OHL),maine,, , ,-
Lee Parks,Jr,F,6-2,210,2004.0,"Stittsville, Ont.",Mass.-Lowell (HEA),maine,, , ,-
Brock James,So,F,6-2,201,2004.0,"Falmouth, Maine",Sioux Falls (USHL),maine,, , ,-
Dru Krebs,Fr,D,6-1,185,2003.0,"Okotoks, Alb.",Fort Wayne Komets (ECHL),maine,,2021,WSH,6
Rowan Calvert,Fr,F,6-0,194,2005.0,"Moose Jaw, Sask.",Saskatoon (WHL),maine,, , ,-
Max Scott,Sr,F,6-0,185,2002.0,"San Jose, Calif.",Brown (ECAC),maine,, , ,-
Masun Fleece,Fr,F,5-10,174,2007.0,"Rolling Hills, Calif.",Dubuque (USHL),maine,, , ,-
Thomas Pichette,Jr,F,5-11,191,2003.0,"Maskinongé, Que.",Penticton (BCHL),maine,, , ,-
Albin Boija,Sr,G,6-1,181,2003.0,"Sundsvall, Sweden",Växjö Lakers (J20 Nationell),maine,, , ,-
Petter Wickström Stumer,Jr,G,6-6,203,2004.0,"Stockholm, Sweden",Canisius (AHA),maine,, , ,-
Colin Ronan,Jr,G,6-2,190,2003.0,"Saugus, Mass.",Lindenwood (D-I Ind.),maine,, , ,-
Samuel Alfano,So,F,6-4,205,2004.0,"Hamilton, Ont.",Arizona State (NCHC),maine,, , ,-
Oskar Komarov,Jr,F,6-0,188,2003.0,"Uusikaarlepyy, Finland",Langley (BCHL),maine,, , ,-
Jaden Lipinski,So,F,6-4,210,2004.0,"Scottsdale, Ariz.",Calgary Wranglers (AHL),maine,,2023,CGY,4
Rihards Simanovics,Sr,D,6-3,205,2003.0,"Riga, Latvia",Bowling Green (CCHA),maryville,, , ,-
William Subject,Fr,D,5-11,192,2005.0,"Wayzata, Minn.",Nanaimo (BCHL),maryville,, , ,-
Landon Pappas,Fr,D,5-11,168,2005.0,"Airdrie, Alb.",Nanaimo (BCHL),maryville,, , ,-
Gustavs Ozolins,Jr,D,5-10,181,2003.0,"Riga, Latvia",RPI (ECAC),maryville,, , ,-
Blake Pilgrim-Edwards,Fr,F,5-11,170,2005.0,"Elmsdale, N.S.",Newfoundland (QMJHL),maryville,, , ,-
Zachary Maxwell,Jr,F,6-0,161,2003.0,"Sherwood Park, Alb.",Simon Fraser (Independent),maryville,, , ,-
Jack Thomas,Jr,D,6-1,185,2003.0,"St. Louis, Mo.",Grand Canyon (ACHA),maryville,, , ,-
Ridge Dawson,So,F,5-8,154,2004.0,"Kelowna, B.C.",Simon Fraser (Independent),maryville,, , ,-
Adam Timm,Fr,F,6-3,190,2005.0,"Chetek, Wis.",Green Bay (USHL),maryville,, , ,-
Cade Kozak,Fr,D,5-11,185,2006.0,"Isanti, Minn.",Philadelphia (NAHL),maryville,, , ,-
Ethan Woolcott,Fr,F,5-11,174,2005.0,"San Diego, Calif.",El Paso (NAHL),maryville,, , ,-
Hunter Sawka,Fr,F,5-11,179,2005.0,"Cochrane, Alb.",Okotoks (BCHL),maryville,, , ,-
Nathan Williams,Fr,D,6-1,198,2005.0,"Racine, Wis.",Austin (NAHL),maryville,, , ,-
Maxwell Wagener,Jr,F,5-10,170,2003.0,"St. Louis, Mo.",Janesville (NAHL),maryville,, , ,-
Tanner Bruender,Fr,F,6-0,190,2005.0,"Portland, Ore.",Nanaimo (BCHL),maryville,, , ,-
Anthony Cardilli,Fr,F,6-4,198,2005.0,"Chicago, Ill.",Salmon Arm (BCHL),maryville,, , ,-
Anthony Hall,Fr,F,5-9,170,2005.0,"Sherbrooke, Que.",Cowichan Valley (BCHL),maryville,, , ,-
Brett Ursulak,Fr,D,6-2,187,2002.0,"Calgary, Alb.",Sherwood Park (AJHL),maryville,, , ,-
Adam Cavallin,Fr,F,6-0,187,2005.0,"Regensburg, Germany",Val-d'Or (QMJHL),maryville,, , ,-
Campbell Mclean,Sr,F,6-3,190,2002.0,"Whitecourt, Alb.",Creston Valley (KIJHL),maryville,, , ,-
Parker Sawka,Fr,G,6-1,190,2002.0,"Cochrane, Alb.",Okotoks (AJHL),maryville,, , ,-
Bruno Bruveris,Sr,G,6-1,182,2002.0,"Riga, Latvia",RPI (ECAC),maryville,, , ,-
Louis-Félix Charrois,Fr,G,5-11,172,2005.0,"Drummondville, Que.",Chicago (USHL),maryville,, , ,-
Antoine Dorion,Fr,F,6-1,198,2005.0,"Orleans, Ont.",Québec (QMJHL),maryville,,2024,STL,7
Sidney McNeill,So,D,5-7,146,2004.0,"Summerside, P.E.I.",Langley (BCHL),maryville,, , ,-
Maxim Potvin,Jr,F,5-10,176,2003.0,"Sudbury, Ont.",Simon Fraser (Independent),maryville,, , ,-
Nikita Meshcheryakov,Fr,F,6-3,190,2005.0,"Moskva, Russia",Victoria (BCHL),maryville,, , ,-
Sam Edwards,Sr,F,6-0,181,2001.0,"Ottawa, Ont.",Ottawa Jr. Senators (CCHL),maryville,, , ,-
Tanner Winegard,Fr,D,6-6,225,2005.0,"Bright's Grove, Ont.",Langley (BCHL),maryville,, , ,-
Greye Rampton,So,F,6-2,181,2004.0,"Chilliwack, B.C.",Simon Fraser (Independent),maryville,, , ,-
Jackson Irving,Sr,G,6-1,185,2004.0,"Newbury, Mass.",Sioux Falls (USHL),massachusetts,, , ,-
Coleson Hanrahan,So,D,5-10,187,2005.0,"Longmeadow, Mass.",Youngstown (USHL),massachusetts,, , ,-
Barrett Dexheimer,Fr,D,5-11,176,2006.0,"Edina, Minn.",Des Moines (USHL),massachusetts,, , ,-
Samu Alalauri,Fr,D,6-2,220,2008.0,"Lahti, Finland",Pelicans (U20 SM-sarja),massachusetts,,2026,CHI,3
Mathieu Taillefer,Fr,D,6-2,194,2006.0,"Richelieu, Que.",Blainville-Boisbriand (QMJHL),massachusetts,, , ,-
Maxim Masse,Fr,F,6-3,198,2006.0,"Rimouski, Que.",Chicoutimi (QMJHL),massachusetts,,2024,ANA,3
Cam O'Neill,Sr,F,6-1,200,2004.0,"Odenton, Md.",Tri-City (USHL),massachusetts,,2022,OTT,5
Jack Musa,Sr,F,5-11,188,2003.0,"Orange Park, Fla.",Cedar Rapids (USHL),massachusetts,, , ,-
Jack Galanek,So,F,6-0,187,2006.0,"Hopkinton, Mass.",Muskegon (USHL),massachusetts,, , ,-
Václav Nestrašil,So,F,6-6,205,2007.0,"Praha, Czechia",Muskegon (USHL),massachusetts,,2025,CHI,1
Lukáš Klečka,So,F,5-11,184,2005.0,"Bratislava, Slovakia",Södertälje SK J20 (J20 Nationell),massachusetts,, , ,-
Landon Nycz,So,D,6-2,201,2007.0,"Detroit, Mich.",Waterloo (USHL),massachusetts,,2026,STL,4
Egor Barabanov,Fr,F,6-0,181,2006.0,"St. Petersburg, Russia",Saginaw (OHL),massachusetts,,2026,CGY,4
Justin Kerr,So,F,6-5,225,2004.0,"Grand Rapids, Minn.",Youngstown (USHL),massachusetts,, , ,-
Daniel Jenčko,Jr,F,6-0,192,2005.0,"Humenne, Slovakia",Youngstown (USHL),massachusetts,, , ,-
Larry Keenan,Jr,D,6-4,206,2005.0,"Midhurst, Ont.",Penticton (BCHL),massachusetts,,2023,DET,4
Mikey DeAngelo,Jr,F,5-11,193,2004.0,"Itasca, Ill.",Michigan State (B10),massachusetts,, , ,-
Charlie Lieberman,Jr,D,6-5,230,2004.0,"Naperville, Ill.",Omaha (USHL),massachusetts,, , ,-
Maxmilian Curran,Fr,F,6-3,194,2006.0,"Praha, Czech Republic",Edmonton (WHL),massachusetts,,2024,COL,5
Francesco Dell'Elce,Jr,D,6-1,185,2005.0,"King City, Ont.",Penticton (BCHL),massachusetts,,2025,COL,3
Cam Dunn,Jr,F,6-3,200,2003.0,"Holland, Mich.",Odessa (NAHL),massachusetts,, , ,-
Jasper Kuhta,Fr,F,6-2,198,2006.0,"Helsinki, Finland",Ottawa (OHL),massachusetts,,2026,DAL,7
Melvin Novotny,Fr,F,6-2,197,2007.0,"Täby, Sweden",Muskegon (USHL),massachusetts,,2025,BUF,7
John McNelis,So,F,5-10,165,2006.0,"Potomac, Md.",Boston University (HEA),massachusetts,, , ,-
Tobias Trejbal,Fr,G,6-4,196,2007.0,"Most, Czech Republic",Youngstown (USHL),massachusetts,,2026,CGY,2
Ethan Eskit,Fr,G,6-0,190,2006.0,"Calgary, Alb.",Victoria (WHL),massachusetts,, , ,-
Gavin Cornforth,So,F,5-9,176,2006.0,"Boston, Mass.",Boston College (HEA),massachusetts,, , ,-
Nathan King,Jr,D,6-2,192,2004.0,"Victoria, B.C.",Victoria (BCHL),merrimack,, , ,-
Simon-Pier Brunet,Fr,D,6-2,205,2005.0,"Gatineau, Que.",Victoriaville (QMJHL),merrimack,,2024,BUF,4
Seamus Powell,Sr,D,6-0,165,2004.0,"Marcellus, N.Y.",Boston College (HEA),merrimack,, , ,-
Keaton Orrey,Fr,D,6-1,201,2006.0,"Inver Grove Heights, Minn.",Des Moines (USHL),merrimack,, , ,-
Daniel Astapovich,So,F,6-3,198,2005.0,"Birmingham, Mich.",Cedar Rapids (USHL),merrimack,, , ,-
Ethan Beyer,So,D,6-1,183,2004.0,"Philadelphia, Pa.",Brooks (BCHL),merrimack,, , ,-
David Green,Fr,D,6-2,203,2006.0,"Toronto, Ont.",Brampton (OHL),merrimack,, , ,-
Tristen Doyle,Fr,D,5-9,185,2006.0,"Winnipeg, Man.",Saskatoon (WHL),merrimack,, , ,-
Trevor Hoskin,Jr,F,6-1,175,2004.0,"Belleville, Ont.",Cobourg (OJHL),merrimack,,2024,CGY,4
Nick Pierre,Jr,F,5-9,165,2004.0,"Cottage Grove, Minn.",Omaha (USHL),merrimack,, , ,-
Parker Lalonde,So,F,6-1,176,2004.0,"Aberdeen, Sask.",Brooks (BCHL),merrimack,, , ,-
Jacob Frasca,Fr,F,6-5,225,2003.0,"Brampton, Ont.",Reading (ECHL),merrimack,, , ,-
Ty Daneault,Sr,F,5-11,161,2004.0,"Red Deer, Alb.",Drumheller (AJHL),merrimack,, , ,-
Cam Kungle,Jr,D,6-3,202,2002.0,"Red Deer, Alb.",Lake Superior (CCHA),merrimack,, , ,-
Jakub Hes,Fr,F,6-2,181,2006.0,"Zlin, Czechia",Youngstown (USHL),merrimack,, , ,-
Nolan Flamand,So,F,5-9,181,2004.0,"Saskatoon, Sask.",Brandon (WHL),merrimack,, , ,-
Caden Cranston,Jr,F,5-10,174,2004.0,"Rochester, N.Y.",Surrey (BCHL),merrimack,, , ,-
Connor Dale,Fr,F,6-2,183,2005.0,"St. Albert, Alb.",Tri-City (WHL),merrimack,, , ,-
Justin Gill,So,F,6-1,190,2003.0,"St-Joseph-du-Lac, Que.",Bridgeport (AHL),merrimack,,2023,NYI,5
Austin Oravetz,Sr,D,5-9,192,2003.0,"Canonsburg, Pa.",Michigan State (B10),merrimack,, , ,-
Alex Mercier,Fr,F,5-10,183,2005.0,"L'Ancienne-Lorette, Que.",Moncton (QMJHL),merrimack,, , ,-
Michael Emerson,Sr,F,6-1,190,2003.0,"Yorktown Heights, N.Y.",North Dakota (NCHC),merrimack,,2023,CAR,6
Mavrick Lachance,Fr,F,5-11,174,2006.0,"St-Gédéon, Que.",Sherbrooke (QMJHL),merrimack,, , ,-
Ryan O'Connell,Jr,F,5-10,187,2003.0,"Moorestown, N.J.",Cedar Rapids (USHL),merrimack,, , ,-
Caelan Fitzpatrick,Jr,F,5-11,185,2003.0,"Moose Jaw, Sask.",Brooks (BCHL),merrimack,, , ,-
Charles Durkin,Fr,G,6-1,183,2006.0,"Glencoe, Ill.",Alberni Valley (BCHL),merrimack,, , ,-
Ryan Keyes,Jr,G,6-2,172,2003.0,"Fairbanks, Alaska",South Shore (NCDC),merrimack,, , ,-
Linards Feldbergs,Fr,G,6-1,201,2005.0,"Ogre, Latvia",Sioux Falls (USHL),merrimack,, , ,-
Shaun McEwen,So,D,6-1,182,2004.0,"Hadley, Mass.",Tri-City (USHL),miami,, , ,-
Layne Loomer,Fr,F,6-0,193,2005.0,"Lethbridge, Alb.",Lincoln (USHL),miami,, , ,-
Timmy Runtso,Fr,D,6-3,194,2007.0,"Marina del Rey, Calif.",Victoria (WHL),miami,,2026,MTL,2
John Emmons,Jr,F,6-0,194,2004.0,"Washington, Mich.",Minor (NAHL),miami,, , ,-
Jack Hamilton,Fr,D,6-5,207,2006.0,"Powell, Ohio",Youngstown (USHL),miami,, , ,-
Nicholas Mikan,Jr,F,6-4,207,2004.0,"Edina, Minn.",Vernon (BCHL),miami,, , ,-
David Helledy,Jr,D,6-1,191,2003.0,"Milwaukee, Wis.",Bentley (AHA),miami,, , ,-
Chuck Blanchard,Fr,F,6-0,193,2005.0,"West Hartford, Conn.",Muskegon (USHL),miami,, , ,-
Kocha Delic,So,F,5-10,189,2004.0,"Ottawa, Ont.",Sudbury (OHL),miami,, , ,-
Ryan Smith,Jr,F,5-10,180,2005.0,"Pendleton, N.Y.",Quinnipiac (ECAC),miami,, , ,-
Cal Huston,Fr,D,6-1,198,2005.0,"Youngstown, Ohio",Youngstown (USHL),miami,, , ,-
Ilia Morozov,So,F,6-3,204,2008.0,"Moskva, Russia",Tri-City (USHL),miami,,2026,BUF,1
Doug Grimes,Sr,F,6-3,213,2002.0,"Brookline, Mass.",Boston University (HEA),miami,, , ,-
David Deputy,So,F,5-8,177,2004.0,"Gurnee, Ill.",Muskegon (USHL),miami,, , ,-
Bradley Walker,So,F,6-1,192,2004.0,"Orono, Minn.",Waterloo (USHL),miami,, , ,-
Branko Vukas,Fr,D,6-4,214,2005.0,"Dyer, Ind.",Muskegon (USHL),miami,, , ,-
Matous Kucharcik,Fr,F,6-4,193,2007.0,"Vipiteno, ITA",Youngstown (USHL),miami,,2025,BUF,4
Austin Baker,So,F,6-1,190,2006.0,"White Lake Township, Mich.",Michigan State (B10),miami,,2024,DET,7
Benji Motew,So,G,5-11,182,2004.0,"Glencoe, Ill.",Maryland (NAHL),miami,, , ,-
Ryan Seelinger,Fr,F,5-11,184,2005.0,"Downers Grove, Ill.",Des Moines (USHL),miami,, , ,-
Ryder Thompson,So,D,5-11,187,2004.0,"Russell, Man.",Portland (WHL),miami,, , ,-
Matteo Drobac,Jr,G,6-2,205,2003.0,"Oakville, Ont.",Western Ontario (USports),miami,, , ,-
Ethan Hay,So,F,6-1,195,2005.0,"Waterloo, Ont.",Saginaw (OHL),miami,,2023,TBL,7
Vladislav Lukashevich,Jr,D,6-1,207,2003.0,"Magadan, RUS",Michigan State (B10),miami,,2021,FLA,4
Yegor Yegorov,Fr,G,6-3,205,2005.0,"Moskva, Russia",Khimik Voskresensk (VHL),miami,,2023,CGY,6
Michael Phelan,So,D,5-11,186,2006.0,"Hinsdale, Ill.",Waterloo (USHL),miami,, , ,-
Matteo Giampa,Sr,F,6-1,201,2003.0,"Virgil, Ont.",Canisius (AHA),miami,, , ,-
Quentin Sigurdson,Jr,G,6-2,175,2003.0,"Sartell, Minn.",Northeastern (HEA),michigan-state,, , ,-
Patrick Geary,Sr,D,6-1,185,2004.0,"Hamburg, N.Y.",Waterloo (USHL),michigan-state,,2024,BUF,6
Sean Barnhill,So,D,6-6,215,2007.0,"Scottsdale, Ariz.",Dubuque (USHL),michigan-state,,2025,NYR,3
Brady Peddle,Fr,D,6-3,210,2007.0,"Antigonish, N.S.",Wilkes-Barre/Scranton (AHL),michigan-state,,2025,PIT,3
Cole Ward,So,D,6-6,210,2005.0,"Rochester Hills, Mich.",Austin (NAHL),michigan-state,, , ,-
Jimmy Clark,Sr,F,6-0,185,2004.0,"Edina, Minn.",Minnesota (B10),michigan-state,,2023,MIN,7
Mason West,Fr,F,6-6,225,2007.0,"Edina, Minn.",Fargo (USHL),michigan-state,,2025,CHI,1
Tommi Männistö,Sr,F,6-0,185,2004.0,"Riihimäki, Finland",Tappara J20,michigan-state,, , ,-
Owen West,Jr,D,5-10,170,2004.0,"Pittsboro, Ind.",Des Moines (USHL),michigan-state,, , ,-
Griffin Jurecki,Sr,F,5-10,182,2003.0,"Grosse Ile, Mich.",Omaha (USHL),michigan-state,, , ,-
Matthew Lahey,So,D,6-6,205,2006.0,"Victoria, B.C.",Fargo (USHL),michigan-state,,2024,TOR,7
Anthony Romani,So,F,6-1,195,2005.0,"Pickering, Ont.",North Bay (OHL),michigan-state,,2024,VAN,6
Ethan Belchetz,Fr,F,6-5,235,2008.0,"Oakville, Ont.",Windsor (OHL),michigan-state,,2026,UTA,1
Jack Hextall,Fr,F,6-1,195,2008.0,"Rolling Meadows, Ill.",Youngstown (USHL),michigan-state,,2026,CGY,1
Ryker Lee,So,F,6-1,180,2006.0,"Wilmette, Ill.",Madison (USHL),michigan-state,,2025,NSH,1
Diego Johnson,Fr,F,5-11,187,2006.0,"Fort St. James, B.C.",Penticton (WHL),michigan-state,, , ,-
Cullen Potter,Jr,F,5-10,180,2007.0,"Minneapolis, Minn.",Arizona State (NCHC),michigan-state,,2025,CGY,1
Thomas Bleyl,Fr,D,6-0,170,2007.0,"Schenectady, N.Y.",Moncton (QMJHL),michigan-state,,2026,NSH,1
Shane Vansaghi,Jr,F,6-2,207,2006.0,"St. Louis, Mo.",USA U-18 Team (NTDP),michigan-state,,2025,PHL,2
Cole Burke,So,F,6-2,180,2004.0,"Trenton, Mich.",Fairbanks (NAHL),michigan-state,, , ,-
Eric Nilson,So,F,6-0,165,2007.0,"Balsta, Sweden",Djurgårdens IF J18 (J18 Region),michigan-state,,2025,ANA,2
Chase Reid,Fr,D,6-2,190,2007.0,"Chesterfield, Mich.",Sault Ste. Marie (OHL),michigan-state,,2026,SEA,1
Cayden Lindstrom,So,F,6-3,220,2006.0,"Chetwynd, B.C.",Medicine Hat (WHL),michigan-state,,2024,CBJ,1
Gavin O'Connell,Sr,F,6-0,181,2004.0,"Wayzata, Minn.",Waterloo (USHL),michigan-state,, , ,-
Joshua Ravensbergen,Fr,G,6-5,200,2006.0,"North Vancouver, B.C.",Prince George (WHL),michigan-state,,2025,SJS,1
JJ Salajko,Fr,G,6-2,195,2006.0,"Columbus, Ohio",Waterloo (USHL),michigan-state,, , ,-
Tom Leppa,Jr,F,6-1,195,2005.0,"Kauniainen, Finland",Fargo (USHL),michigan-tech,, , ,-
Austin Moline,Fr,D,6-5,209,2005.0,"Las Vegas, Nev.",Madison (USHL),michigan-tech,,2024,PHL,7
Luke Shipley,So,D,6-0,190,2004.0,"Powell River, B.C.",Mass.-Lowell (HEA),michigan-tech,, , ,-
Max Matthews,So,F,6-1,190,2004.0,"Arlington Heights, Ill.",New Mexico (NAHL),michigan-tech,, , ,-
Giovanni Morneau,Jr,F,5-9,170,2003.0,"Ottawa, Ont.",Lindenwood (D-I Ind.),michigan-tech,, , ,-
Lucas Brenton,Jr,D,6-4,220,2003.0,"Winnipeg, Man.",Manitoba (USports),michigan-tech,, , ,-
Kalem Parker,So,D,6-0,187,2004.0,"Clavet, Sask.",Moose Jaw (WHL),michigan-tech,,2023,MIN,6
Carson Latimer,Jr,F,6-1,197,2003.0,"White Rock, B.C.",British Columbia (USports),michigan-tech,,2021,OTT,4
Elias Jansson,Jr,F,6-0,200,2005.0,"Oulu, Finland",Karpat (SM-sarja),michigan-tech,, , ,-
Teydon Trembecky,So,F,5-11,190,2005.0,"Strathcona, Alb.",Victoria (WHL),michigan-tech,, , ,-
Morgan Brady,Fr,D,6-3,210,2005.0,"Woking, Alb.",Green Bay (USHL),michigan-tech,, , ,-
Tyler Miller,Jr,D,6-0,185,2004.0,"Medicine Hat, Alb.",Waterloo (USHL),michigan-tech,, , ,-
Max Koskipirtti,Sr,F,6-1,185,2004.0,"Espoo, Finland",Kiekko-Espoo (SM-sarja),michigan-tech,, , ,-
Carson Birnie,So,F,6-1,190,2005.0,"Arcola, Sask.",Calgary (WHL),michigan-tech,, , ,-
Isaac Gordon,Sr,F,5-11,200,2004.0,"Landmark, Man.",Chicago (USHL),michigan-tech,, , ,-
Reid Daavettila,So,F,6-2,190,2005.0,"Howell, Mich.",Waterloo (USHL),michigan-tech,, , ,-
Noah Reinhart,So,F,6-1,197,2004.0,"Dundas, Ont.",Val-d'Or (QMJHL),michigan-tech,, , ,-
Michael Cicek,So,F,6-2,188,2004.0,"Winnipeg, Man.",Kelowna (WHL),michigan-tech,, , ,-
Tristan Delisle,Fr,F,5-11,182,2007.0,"Cornwall, Ont.",Owen Sound (OHL),michigan-tech,, , ,-
Reid Andresen,So,D,5-9,178,2005.0,"Saskatoon, Sask.",Wenatchee (WHL),michigan-tech,, , ,-
Matthew Van Blaricom,So,F,5-11,174,2006.0,"Southey, Sask.",Muskegon (USHL),michigan-tech,, , ,-
Luca Fasciano,Jr,D,6-4,225,2003.0,"Toronto, Ont.",Lakehead (USports),michigan-tech,, , ,-
Lauri Raiman,Sr,F,5-11,182,2004.0,"Vantaa, Finland",Pelicans (SM-sarja),michigan-tech,, , ,-
Owen Baker,Jr,F,5-10,190,2004.0,"Howell, Mich.",Michigan State (B10),michigan-tech,, , ,-
Conner Roulette,Jr,F,5-10,200,2003.0,"Winnipeg, Man.",Saskatchewan (USports),michigan-tech,,2021,DAL,4
Joey Costanzo,Fr,G,6-1,185,2005.0,"Toronto, Ont.",Windsor (OHL),michigan-tech,, , ,-
Bryant Lee,Jr,G,6-0,180,2006.0,"Houghton, Mich.",Houghton (MHSAA),michigan-tech,, , ,-
Owen Bartoszkiewicz,Sr,G,6-3,200,2003.0,"Northville, Mich.",Lindenwood (D-I Ind.),michigan-tech,, , ,-
Ryan Manzella,Jr,G,6-0,180,2004.0,"Eagan, Minn.",Sioux Falls (USHL),michigan-tech,, , ,-
J.P. Hurlbert,Fr,F,6-0,191,2008.0,"Allen, Texas",Kamloops (WHL),michigan,,2026,DET,1
Brandt Harper,Fr,D,6-1,196,2006.0,"Tampa, Fla.",North Bay (OHL),michigan,, , ,-
Asher Barnett,So,D,6-1,198,2007.0,"Wilmette, Ill.",USA U-18 Team (NTDP),michigan,,2025,EDM,5
Dakoda Rheaume-Mullen,Jr,D,6-1,189,2006.0,"Northville, Mich.",USA U-18 Team (NTDP),michigan,, , ,-
Landon DuPont,Fr,D,6-0,190,2009.0,"Calgary, Alb.",Everett (WHL),michigan,, , ,-
Nick Moldenhauer,Sr,F,5-11,184,2004.0,"Mississauga, Ont.",Chicago (USHL),michigan,,2022,TOR,3
Drew Schock,So,D,6-0,180,2007.0,"Green Bay, Wis.",USA U-18 Team (NTDP),michigan,,2025,ANA,4
Cole McKinney,So,F,6-1,203,2007.0,"Chicago, Ill.",USA U-18 Team (NTDP),michigan,,2025,SJS,2
Aidan Park,So,F,6-1,188,2006.0,"Hermosa Beach, Calif.",Green Bay (USHL),michigan,,2025,EDM,7
Garrett Schifsky,Sr,F,5-9,186,2003.0,"Andover, Minn.",Waterloo (USHL),michigan,, , ,-
Jayden Perron,Sr,F,5-9,186,2005.0,"Winnipeg, Man.",North Dakota (NCHC),michigan,,2023,CAR,3
Michael Hage,Jr,F,6-1,200,2006.0,"Mississauga, Ont.",Chicago (USHL),michigan,,2024,MTL,1
Ben Robertson,Sr,D,6-1,198,2004.0,"Potomac Falls, Va.",Cornell (ECAC),michigan,, , ,-
Kason Muscutt,So,F,5-11,176,2005.0,"Bossier City, La.",Sioux City (USHL),michigan,, , ,-
Miles Gust,Jr,D,5-9,183,2004.0,"Chicago, Ill.",Muskegon (USHL),michigan,, , ,-
Malcolm Spence,So,F,6-1,191,2006.0,"Mississauga, Ont.",Erie (OHL),michigan,,2025,NYR,2
Stephen Peck,So,G,6-2,177,2005.0,"New York, N.Y.",Muskegon (USHL),michigan,, , ,-
Julian Molinaro,Jr,G,5-10,177,2003.0,"Mississauga, Ont.",Northern Michigan (CCHA),michigan,, , ,-
Will Horcoff,Jr,F,6-5,204,2007.0,"Birmingham, Mich.",USA U-18 Team (NTDP),michigan,,2025,PIT,1
Josh Orrico,Sr,D,5-9,172,2003.0,"Woodbridge, Ont.",Janesville (NAHL),michigan,, , ,-
Jack Nesbitt,Fr,F,6-5,192,2007.0,"Sarnia, Ont.",Windsor (OHL),michigan,,2025,PHL,1
Jack Ivankovic,So,G,6-0,178,2007.0,"Mississauga, Ont.",Brampton (OHL),michigan,,2025,NSH,2
Cam Reid,Fr,D,6-0,182,2007.0,"Aylmer, Ont.",Kitchener (OHL),michigan,,2025,NSH,1
Henry Mews,So,D,6-0,190,2006.0,"Ottawa, Ont.",Sudbury (OHL),michigan,,2024,CGY,3
Adam Valentini,So,F,5-10,178,2008.0,"Toronto, Ont.",Chicago (USHL),michigan,,2026,UTA,3
Kieren Dervin,Fr,F,6-2,179,2007.0,"Gloucester, Ont.",Kingston (OHL),michigan,,2025,VAN,3
Nic Sima,Fr,F,6-3,201,2005.0,"Mississauga, Ont.",Ottawa (OHL),michigan,, , ,-
Ty Hanson,Jr,D,5-9,180,2005.0,"Hermantown, Minn.",Sioux City (USHL),minnesota-duluth,, , ,-
Jake Toll,So,D,6-3,185,2004.0,"Rosemount, Minn.",Muskegon (USHL),minnesota-duluth,, , ,-
Brady Cleveland,Sr,D,6-5,220,2005.0,"Wausau, Wis.",Colorado College (NCHC),minnesota-duluth,,2023,DET,2
Adam Kleber,Jr,D,6-5,210,2006.0,"Chaska, Minn.",Lincoln (USHL),minnesota-duluth,,2024,BUF,2
Aaron Pionk,Sr,D,6-1,175,2003.0,"Hermantown, Minn.",Waterloo (USHL),minnesota-duluth,,2023,MIN,5
Max Plante,Jr,F,5-11,180,2006.0,"Hermantown, Minn.",US U-18 Team (NTDP),minnesota-duluth,,2024,DET,2
Hunter Anderson,So,F,5-10,185,2005.0,"Manhattan Beach, Calif.",Lincoln (USHL),minnesota-duluth,, , ,-
Kade Kohanski,Fr,F,5-10,165,2005.0,"Hermantown, Minn.",Lincoln (USHL),minnesota-duluth,, , ,-
Barrett Hall,Sr,F,6-0,185,2003.0,"Apple Valley, Minn.",St. Cloud State (NCHC),minnesota-duluth,,2022,SEA,6
Blake Bechen,Jr,F,6-0,185,2005.0,"Dubuque, Iowa",Green Bay (USHL),minnesota-duluth,, , ,-
Jayson Shaugabay,Jr,F,5-10,175,2005.0,"Warroad, Minn.",Green Bay (USHL),minnesota-duluth,,2023,TBL,4
Harper Bentz,Jr,F,6-0,180,2004.0,"Moorhead, Minn.",Fargo (USHL),minnesota-duluth,, , ,-
Luke Bibby,So,F,6-0,170,2004.0,"Brantford, Ont.",Brooks (BCHL),minnesota-duluth,, , ,-
Braden Fischer,Sr,F,6-0,185,2002.0,"Winnipeg, Man.",Minot (NAHL),minnesota-duluth,, , ,-
Ryan Zaremba,So,F,5-9,183,2006.0,"Balgonie, Sask.",Fargo (USHL),minnesota-duluth,, , ,-
Peyton Platter,Jr,F,6-2,185,2003.0,"Eau Claire, Wis.",Alaska (D-I Ind.),minnesota-duluth,, , ,-
Callum Arnott,Jr,F,6-1,193,2004.0,"King City, Ont.",Penticton (BCHL),minnesota-duluth,, , ,-
Zam Plante,Jr,F,5-9,172,2004.0,"Hermantown, Minn.",Fargo (USHL),minnesota-duluth,,2022,PIT,5
Keith McInnis,Fr,D,6-1,196,2006.0,"Red Deer, Alb.",Kelowna (WHL),minnesota-duluth,, , ,-
Cole Sheffield,So,G,6-0,176,2004.0,"London, Ont.",Dauphin (MJHL),minnesota-duluth,, , ,-
Carter Murphy,Fr,D,5-9,170,2007.0,"The Woodlands, Texas",Youngstown (USHL),minnesota-duluth,, , ,-
Ethan Dahlmeir,Jr,G,6-3,221,2003.0,"Lakeville, Minn.",Miami (NCHC),minnesota-duluth,, , ,-
Grayden Siepmann,So,D,6-0,185,2004.0,"Windsor, Ont.",Saskatoon (WHL),minnesota-duluth,, , ,-
Carl Axelsson,Fr,G,6-4,183,2006.0,"Danderyd, Sweden",Muskegon (USHL),minnesota-duluth,,2026,UTA,4
Trevor Stachowiak,Jr,F,6-2,196,2003.0,"Dallas, Texas",Minot (NAHL),minnesota-duluth,, , ,-
Victor Plante,Fr,F,5-10,165,2008.0,"Hermantown, Minn.",USA U-18 Team (USHL),minnesota-duluth,,2026,DET,2
Jacob Conrad,Jr,D,5-11,180,2002.0,"Green Bay, Wis.",Lake Superior (CCHA),minnesota-state,, , ,-
Gus Thorp,Fr,D,6-2,205,2007.0,"Chippewa Falls, Wis.",Muskegon (USHL),minnesota-state,, , ,-
Bryce Strand,So,D,5-9,166,2004.0,"Green Bay, Wis.",Philadelphia (NAHL),minnesota-state,, , ,-
Will Skahan,Jr,D,6-5,223,2006.0,"Orange, Calif.",Boston College (HEA),minnesota-state,,2024,UTA,2
Luigi Benincasa,Sr,F,5-9,172,2002.0,"Edmonton, Alb.",Ferris State (CCHA),minnesota-state,, , ,-
Jordan Ronn,So,F,5-10,177,2005.0,"Champlin Park, Minn.",Fargo (USHL),minnesota-state,, , ,-
Alex Zetterberg,Jr,F,5-8,164,2006.0,"Sundsvall, Sweden",Boston University (HEA),minnesota-state,, , ,-
Jack Christ,Fr,F,5-9,170,2005.0,"Chaska, Minn.",Muskegon (USHL),minnesota-state,, , ,-
Mason LeBel,So,F,6-3,200,2004.0,"South Bend, Ind.",Minnesota (NAHL),minnesota-state,, , ,-
Sam Kappell,Fr,F,6-1,190,2007.0,"Appleton, Wis.",Madison (USHL),minnesota-state,, , ,-
Ean Somoza,Sr,F,6-3,205,2003.0,"Thousand Oaks, Calif.",Western Michigan (NCHC),minnesota-state,, , ,-
Jakob Stender,Sr,D,6-0,191,2002.0,"Alexandria, Minn.",Fargo (USHL),minnesota-state,, , ,-
Mason Kraft,Fr,F,5-11,190,2007.0,"Moorhead, Minn.",Wenatchee (WHL),minnesota-state,, , ,-
Cash Carter,Fr,F,5-11,183,2006.0,"St. Albert, Alb.",Trail (BCHL),minnesota-state,, , ,-
Fin Williams,Sr,F,6-1,196,2003.0,"North Vancouver, B.C.",Notre Dame (B10),minnesota-state,, , ,-
Liam Hupka,So,D,6-3,189,2005.0,"Minneapolis, Minn.",Sioux City (USHL),minnesota-state,, , ,-
Sawyer Scholl,Sr,F,6-2,190,2002.0,"Green Bay, Wis.",Wisconsin (B10),minnesota-state,, , ,-
Rylan Bonkowski,So,D,5-10,170,2006.0,"Richmond, B.C.",Tri-City (USHL),minnesota-state,, , ,-
Liam Watkins,Jr,F,6-1,199,2004.0,"Okotoks, Alb.",Omaha (NCHC),minnesota-state,, , ,-
Easton Hewson,So,D,6-4,221,2005.0,"Edmonton, Alb.",Waterloo (USHL),minnesota-state,, , ,-
Matthew Syverson,Sr,G,6-4,203,2003.0,"Apple Valley, Minn.",Lindenwood (D-I Ind.),minnesota-state,, , ,-
Raiden LeGall,Fr,G,6-0,181,2006.0,"Morden, Man.",Everett (WHL),minnesota-state,, , ,-
Lassi Lehti,Gr,G,6-4,209,2001.0,"Espoo, Finland",Alaska (D-I Ind.),minnesota-state,, , ,-
Sam Court,Jr,D,5-10,190,2004.0,"Winnipeg, Man.",Arizona State (NCHC),minnesota-state,, , ,-
Reid Morich,So,F,6-1,199,2005.0,"Scottsdale, Ariz.",Waterloo (USHL),minnesota-state,, , ,-
Daimon Gardner,Jr,G,6-5,205,2004.0,"Eagle Lake, Ont.",St. Cloud State (NCHC),minnesota-state,,2022,VAN,4
Tate Pritchard,So,F,6-2,200,2004.0,"Savage, Minn.",Sioux City (USHL),minnesota,, , ,-
John Whipple,Jr,D,6-2,205,2006.0,"Morristown, N.J.",USA U-18 Team (NTDP),minnesota,,2024,DET,5
Jacob Rombach,So,D,6-6,215,2007.0,"Blaine, Minn.",Lincoln (USHL),minnesota,,2025,NSH,2
Beckett Hendrickson,Jr,F,6-2,190,2005.0,"Minnetonka, Minn.",Dubuque (USHL),minnesota,,2023,BOS,4
Finn Loftus,Jr,D,6-0,200,2004.0,"Blaine, Minn.",St. Cloud State (NCHC),minnesota,, , ,-
Evan Murr,Sr,D,6-0,185,2003.0,"Stillwater, Minn.",Minnesota State (CCHA),minnesota,, , ,-
Tanner Ludtke,Sr,F,6-0,185,2004.0,"Elko, Minn.",Omaha (NCHC),minnesota,,2023,ARI,3
Brooks Cullen,Fr,F,6-1,190,2006.0,"Moorhead, Minn.",Fargo (USHL),minnesota,, , ,-
LJ Mooney,So,F,5-8,175,2007.0,"West Mifflin, Pa.",USA U-18 Team (NTDP),minnesota,,2025,MTL,4
Jackson Nevers,Fr,F,6-0,205,2005.0,"Edina, Minn.",Madison (USHL),minnesota,, , ,-
Javon Moore,So,F,6-5,215,2005.0,"Minnetonka, Minn.",Sioux Falls (USHL),minnesota,,2024,OTT,4
Austin Burnevik,Jr,F,6-4,210,2005.0,"Ham Lake, Minn.",St. Cloud State (NCHC),minnesota,,2024,ANA,6
Tarin Smith,Fr,D,6-2,195,2006.0,"Porcupine Plain, Sask.",Everett (WHL),minnesota,,2024,ANA,3
Tanner Henricks,So,D,6-4,205,2006.0,"Mission Viejo, Calif.",St. Cloud State (NCHC),minnesota,,2024,CBJ,4
Axel Löfgren,Fr,D,6-3,200,2005.0,"Luleå, Sweden",Fargo (USHL),minnesota,, , ,-
Alex Sabev,Fr,G,6-0,175,2006.0,"Mounds View, Minn.",Idaho Falls Spud Kings (NCDC),minnesota,, , ,-
Luca Di Pasquo,Sr,G,6-1,195,2003.0,"Livonia, Mich.",Michigan State (B10),minnesota,, , ,-
Axel Begley,Sr,D,6-2,190,2003.0,"Mahtomedi, Minn.",Wisconsin (NAHL),minnesota,, , ,-
Graham Harris,Jr,F,6-0,185,2003.0,"Excelsior, Minn.",Augsburg (D-III),minnesota,, , ,-
Teddy Townsend,So,F,5-11,175,2005.0,"Eden Prairie, Minn.",Waterloo (USHL),minnesota,, , ,-
Christian Humphreys,So,F,5-11,170,2006.0,"Pittsburgh, Pa.",Michigan (B10),minnesota,,2024,COL,7
Melvin Strahl,So,G,6-3,165,2005.0,"Sollefteå, Sweden",Michigan State (B10),minnesota,,2023,CBJ,5
Brodie Ziemer,Jr,F,5-11,200,2006.0,"Chaska, Minn.",USA U-18 Team (NTDP),minnesota,,2024,BUF,3
Wyatt Cullen,Fr,F,6-1,185,2008.0,"Moorhead, Minn.",USA U-18 Team (USHL),minnesota,,2026,NSH,1
Mason Moe,So,F,6-2,195,2007.0,"Eden Prairie, Minn.",Madison (USHL),minnesota,,2025,NJD,3
Jacob Kvasnicka,Fr,F,5-11,175,2007.0,"Burnsville, Minn.",Penticton (WHL),minnesota,,2025,NYI,7
Stefan Carney,Jr,G,6-0,185,2003.0,"Wheeling, Ill.",New England (NCAA III),new-hampshire,, , ,-
Alex Carr,So,D,6-0,195,2004.0,"Sackville, N.S.",Rouyn-Noranda (QMJHL),new-hampshire,, , ,-
Ryan Philbrick,So,D,5-11,185,2004.0,"Concord, N.H.",Salmon Arm (BCHL),new-hampshire,, , ,-
Wyatt Kennedy,Fr,D,6-5,215,2005.0,"Ottawa, Ont.",Windsor (OHL),new-hampshire,, , ,-
Martins Lavins,Sr,F,6-1,185,2003.0,"Riga, Latvia",U.S. Collegiate Selects (Spengler Cup),new-hampshire,, , ,-
Parker von Richter,Fr,D,6-1,195,2006.0,"Mississauga, Ont.",Barrie (OHL),new-hampshire,,2026,PIT,4
Kole Hyles,Fr,F,6-0,190,2006.0,"Newfields, N.H.",Omaha (USHL),new-hampshire,, , ,-
Rasmus Svartstrom,So,F,6-5,201,2005.0,"Helsinki, Finland",St. Lawrence (ECAC),new-hampshire,, , ,-
Emile Guite,Fr,F,6-2,180,2007.0,"Chambly, Que.",Chicoutimi (QMJHL),new-hampshire,,2025,ANA,5
Oscar Plandowski,Jr,D,6-0,195,2003.0,"Red Deer, Alb.",New Brunswick (USports),new-hampshire,,2021,DET,5
J.P. Turner,Sr,F,6-0,195,2003.0,"East Falmouth, Mass.",Fargo (USHL),new-hampshire,, , ,-
Mason Zebeski,Fr,F,6-2,195,2005.0,"Oakville, Ont.",Barrie (OHL),new-hampshire,, , ,-
Nick Romeo,Fr,F,6-0,185,2005.0,"New City, N.Y.",Cedar Rapids (USHL),new-hampshire,, , ,-
Brendan Fitzgerald,Sr,D,6-0,165,2003.0,"North Reading, Mass.",Cedar Rapids (USHL),new-hampshire,, , ,-
Ryan Johnson,Jr,F,5-10,185,2003.0,"Calgary, Alb.",Alaska-Anchorage (D-I Ind.),new-hampshire,, , ,-
Nick VanTassell,Sr,F,6-4,205,2004.0,"Basking Ridge, N.J.",Massachusetts (HEA),new-hampshire,,2023,OTT,7
Felix Gagnon,So,F,6-0,180,2004.0,"Saguenay, Que.",Chicoutimi (QMJHL),new-hampshire,, , ,-
Jason Siedem,Sr,F,5-10,185,2002.0,"Madison, N.J.",Team Goose Foundation (JPL-Pro),new-hampshire,, , ,-
Michael Simpson,So,G,6-1,200,2003.0,"London, Ont.",Providence (HEA),new-hampshire,, , ,-
Teagan Kendrick,So,G,6-4,205,2004.0,"St. Albert, Alb.",Sacred Heart (AHA),new-hampshire,, , ,-
Nick Ring,Sr,F,5-10,180,2003.0,"Hingham, Mass.",Sioux Falls (USHL),new-hampshire,, , ,-
Sam Oliver,So,F,5-11,185,2004.0,"Quispamsis, N.B.",Drummondville (QMJHL),new-hampshire,, , ,-
Malte Vass,So,D,6-3,195,2007.0,"Karlstad, Sweden",Boston University (HEA),new-hampshire,,2025,CBJ,3
Cam MacDonald,Jr,F,6-1,190,2003.0,"Toronto, Ont.",Acadia (USports),new-hampshire,,2021,TBL,5
Conner de Haro,So,D,5-11,195,2005.0,"Raleigh, N.C.",Youngstown (USHL),new-hampshire,, , ,-
Jacob Newcombe,So,F,6-0,205,2004.0,"Halifax, N.S.",Cape Breton (QMJHL),new-hampshire,, , ,-
Deivs Rolovs,Jr,G,6-2,185,2004.0,"Riga, Latvia",Lone Star (NAHL),niagara,, , ,-
Alix Durocher,Fr,F,5-10,172,2006.0,"Drummondville, Que.",Val-d'Or (QMJHL),niagara,, , ,-
Theo Lemieux,Fr,D,5-10,176,2005.0,"Ste-Claire, Que.",Blainville-Boisbriand (QMJHL),niagara,, , ,-
Camden Prier,Fr,F,6-0,183,2006.0,"North Palm Beach, Fla.",Lone Star (NAHL),niagara,, , ,-
James Richards,Fr,D,6-2,172,2005.0,"Port Williams, N.S.",Spruce Grove (BCHL),niagara,, , ,-
Cameron Eke,So,D,6-2,198,2005.0,"St. Catharines, Ont.",Collingwood (OJHL),niagara,, , ,-
Nathan Oickle,Jr,D,6-0,174,2003.0,"Peterborough, Ont.",Surrey (BCHL),niagara,, , ,-
Hunter Wallace,Jr,F,5-8,160,2003.0,"Oak Lake, Man.",Merrimack (HEA),niagara,, , ,-
Adam Gionta,Fr,F,5-8,170,2005.0,"Clarence Center, N.Y.",Rochester (NAHL),niagara,, , ,-
Ross Roloson,Jr,D,5-11,175,2003.0,"Woodbury, Minn.",Lake Superior (CCHA),niagara,, , ,-
Jack Richard,So,F,6-4,180,2002.0,"Stoney Creek, Ont.",Merrimack (HEA),niagara,, , ,-
Marshall Finnie,So,F,6-2,195,2004.0,"Lethbridge, Alb.",Edmonton (WHL),niagara,, , ,-
Maxim Muranov,So,F,6-2,185,2004.0,"Moskva, Russia",Vancouver (WHL),niagara,, , ,-
Andy Reist,Jr,F,6-0,175,2004.0,"Waterloo, Ont.",Cobourg (OJHL),niagara,, , ,-
Dante Josefsson-Westling,Fr,F,6-2,187,2006.0,"Danderyd, Sweden",Dubuque (USHL),niagara,, , ,-
Spencer Young,Jr,F,6-0,175,2003.0,"Elmira, Ont.",Collingwood (OJHL),niagara,, , ,-
Roberto Mancini,Jr,D,6-4,214,2003.0,"Vaughan, Ont.",New Brunswick (USports),niagara,, , ,-
Jack Rosensteel,Fr,F,6-0,179,2006.0,"Greensburg, Pa.",Brooks (BCHL),niagara,, , ,-
Dallon Melin,Sr,F,6-4,220,2002.0,"Camrose, Alb.",Calgary (USports),niagara,, , ,-
Josh Van Mulligen,Fr,D,6-3,209,2005.0,"Medicine Hat, Alb.",Medicine Hat (WHL),niagara,, , ,-
Brayden Boehm,So,G,5-11,190,2004.0,"Nanaimo, B.C.",Michigan Tech (CCHA),niagara,, , ,-
Ryan Humphrey,So,F,6-1,190,2003.0,"Northville, Mich.",Western Michigan (NCHC),niagara,, , ,-
Mitchell Young,Fr,D,6-2,190,2005.0,"Elmira, Ont.",Sarnia (OHL),niagara,, , ,-
Jacob Maillet,Jr,F,6-1,205,2003.0,"Dundas, Ont.",St. Francis Xavier (USports),niagara,, , ,-
Ray Murakami,Jr,D,5-11,175,2003.0,"Tomakomai, JPN",Lone Star (NAHL),niagara,, , ,-
Davis Codd,So,F,5-10,178,2003.0,"Brighton, Mich.",Kalamazoo (ECHL),niagara,, , ,-
Charles-Edward Gravel,So,G,6-1,197,2004.0,"Lévis, Que.",Mercyhurst (AHA),niagara,, , ,-
Tomas Anderson,So,G,6-2,198,2004.0,"Stillwater, Minn.",Bismarck (NAHL),niagara,, , ,-
Noah Hackett,Gr,F,6-1,174,2001.0,"Ponoka, Alb.",Brooks (AJHL),niagara,, , ,-
Garrett Lindberg,Fr,D,5-11,201,2007.0,"Moorhead, Minn.",Fargo (USHL),north-dakota,, , ,-
Connor Davis,Fr,F,6-2,197,2006.0,"Vaudreuil-Dorion, Que.",Cedar Rapids (USHL),north-dakota,,2026,VAN,5
Carson Carels,Fr,D,6-2,192,2008.0,"Cypress River, Man.",Prince George (WHL),north-dakota,,2026,CGY,1
Brasen Boser,Jr,D,5-11,190,2004.0,"Minot, N.D.",Arizona State (NCHC),north-dakota,, , ,-
EJ Emery,Jr,D,6-3,193,2006.0,"Compton, Calif.",US U-18 Team (NTDP),north-dakota,,2024,NYR,1
Mac Swanson,Jr,F,5-9,170,2006.0,"Anchorage, Alaska",Fargo (USHL),north-dakota,,2024,PIT,7
Ollie Josephson,So,F,6-1,191,2006.0,"Victoria, B.C.",Red Deer (WHL),north-dakota,,2024,SEA,4
Will Zellers,So,F,6-0,185,2006.0,"Maple Grove, Minn.",Green Bay (USHL),north-dakota,,2024,COL,3
Kasper Magnussen,Sr,F,6-0,208,2004.0,"Düsseldorf, Germany",Bemidji State (CCHA),north-dakota,, , ,-
Ashton Schultz,Fr,F,6-0,195,2006.0,"Excelsior, Minn.",Sioux City (USHL),north-dakota,,2025,BUF,6
Sam Laurila,So,D,6-1,195,2006.0,"Moorhead, Minn.",Fargo (USHL),north-dakota,,2025,NYI,5
Bauer Dumanski,Fr,D,6-2,209,2005.0,"Drake, Sask.",Prince George (WHL),north-dakota,, , ,-
Jack Kernan,So,F,6-2,205,2005.0,"Maple Grove, Minn.",Des Moines (USHL),north-dakota,, , ,-
Cole Reschny,So,F,5-11,190,2007.0,"Macklin, Sask.",Victoria (WHL),north-dakota,,2025,CGY,1
Keaton Verhoeff,So,D,6-4,215,2008.0,"Fort Saskatchewan, Alb.",Victoria (WHL),north-dakota,,2026,SJS,1
Cody Croal,Jr,F,5-11,200,2003.0,"North Branch, Minn.",Muskegon (USHL),north-dakota,, , ,-
Gavin Lindberg,Jr,F,6-1,200,2004.0,"Fergus Falls, Minn.",Colorado College (NCHC),north-dakota,, , ,-
Cooper Simpson,Fr,F,6-1,192,2007.0,"Shakopee, Minn.",Youngstown (USHL),north-dakota,,2025,BOS,3
Josh Zakreski,So,F,6-0,197,2005.0,"Saskatoon, Sask.",Portland (WHL),north-dakota,, , ,-
Ethan MacKenzie,Fr,D,6-1,195,2006.0,"West Kelowna, B.C.",Edmonton (WHL),north-dakota,,2026,TOR,3
Anthony Menghini,Sr,F,5-10,195,2002.0,"Brainerd, Minn.",Minnesota-Duluth (NCHC),north-dakota,, , ,-
Brock Schultz,Fr,F,5-8,176,2005.0,"East Grand Forks, Minn.",Sioux Falls (USHL),north-dakota,, , ,-
Hudson Malinoski,Sr,F,6-2,195,2004.0,"Saskatoon, Sask.",Providence (HEA),north-dakota,,2023,TOR,5
Caleb Heil,Fr,G,6-2,207,2006.0,"Victoria, Minn.",Madison (USHL),north-dakota,,2025,TBL,7
Alex Scheiwiller,Jr,G,6-1,187,2005.0,"Calgary, Alb.",Canmore (AJHL),north-dakota,, , ,-
Jan Špunar,So,G,6-3,200,2004.0,"Olomouc, Czech Republic",Dubuque (USHL),north-dakota,, , ,-
Joaquim Lemay,Gr,D,6-0,190,2002.0,"St-Pierre-les-Becquets, Que.",Lincoln (USHL),northeastern,,2021,WSH,4
Amine Hajibi,So,F,6-1,180,2005.0,"Montréal, Que.",Cedar Rapids (USHL),northeastern,, , ,-
Alex Pineau,Sr,D,6-3,205,2003.0,"Thunder Bay, Ont.",Brown (ECAC),northeastern,, , ,-
Joel Kjellberg,Jr,D,6-0,190,2004.0,"Nacka, Sweden",Arizona State (NCHC),northeastern,, , ,-
Grayson Badger,So,F,6-2,190,2004.0,"Hyde Park, Mass.",Alberni Valley (BCHL),northeastern,, , ,-
Andy Moore,Sr,F,5-11,200,2002.0,"Cumberland, Maine",Cedar Rapids (USHL),northeastern,, , ,-
Matthew Perkins,Sr,F,5-11,170,2004.0,"Balgonie, Sask.",Minnesota-Duluth (NCHC),northeastern,,2023,VAN,4
Tyler Fukakusa,Sr,F,5-11,180,2002.0,"Toronto, Ont.",RIT (AHA),northeastern,, , ,-
Trey Jefferis,Fr,F,5-10,192,2005.0,"Hummelstown, Pa.",Sioux City (USHL),northeastern,, , ,-
Eli Sebastian,Sr,F,5-11,190,2004.0,"Burlington, Ont.",Green Bay (USHL),northeastern,, , ,-
Charlie Pardue,So,F,5-11,172,2006.0,"Winnetka, Ill.",Notre Dame (B10),northeastern,, , ,-
Joe Connor,Jr,F,5-10,180,2005.0,"Amherst, N.H.",Muskegon (USHL),northeastern,,2024,TBL,7
Marcus Kearsey,Fr,D,5-11,183,2006.0,"Deer Lake, Newf.",Charlottetown (QMJHL),northeastern,, , ,-
Liam O'Keeffe,Fr,D,6-0,181,2006.0,"Boston, Mass.",Lone Star (NAHL),northeastern,, , ,-
Marc Lund,Jr,F,6-4,200,2003.0,"Edina, Minn.",Fairbanks (NAHL),northeastern,, , ,-
Jack Pechar,So,F,6-1,195,2005.0,"Niskayuna, N.Y.",Lincoln (USHL),northeastern,, , ,-
Giacomo Martino,So,F,5-11,180,2005.0,"Toronto, Ont.",Sioux City (USHL),northeastern,, , ,-
Dawson Sharkey,Fr,F,6-1,190,2006.0,"Souris, P.E.I.",Newfoundland (QMJHL),northeastern,,2025,DAL,6
Noah Jones,So,D,6-5,220,2004.0,"Bridgewater, N.J.",Omaha (USHL),northeastern,, , ,-
Sam Caulfield,Fr,G,6-3,185,2006.0,"Needham, Mass.",Baie-Comeau (QMJHL),northeastern,, , ,-
Owen Keefe,Fr,D,6-1,185,2006.0,"Saugus, Mass.",Drummondville (QMJHL),northeastern,, , ,-
Lawton Zacher,Sr,G,6-2,195,2003.0,"Buffalo, N.Y.",Brown (ECAC),northeastern,, , ,-
Jordan Tourigny,Fr,D,6-0,190,2005.0,"Québec, Que.",Chicoutimi (QMJHL),northeastern,, , ,-
Matt DellaRusso,So,G,6-3,190,2004.0,"Darien, Conn.",Maine (NAHL),northeastern,, , ,-
Jacob Mathieu,So,F,5-11,195,2004.0,"St-Odilon-de-Cranbourne, Que.",Rimouski (QMJHL),northeastern,, , ,-
Miguel Marques,So,F,5-11,184,2006.0,"Prince George, B.C.",Maine (HEA),northeastern,,2024,NSH,3
Noah Laberge,Fr,D,6-1,185,2006.0,"St-Bruno-de-Montarville, Que.",Newfoundland (QMJHL),northeastern,,2025,BUF,5
Matthew Maltais,So,F,6-2,185,2004.0,"St-Basile-le-Grand, Que.",Lincoln (USHL),northeastern,, , ,-
Joe Schiller,Jr,D,6-0,195,2004.0,"Moorhead, Minn.",Cedar Rapids (USHL),northern-michigan,, , ,-
Noah Houle,Jr,D,6-1,192,2003.0,"Montréal, Que.",Clarkson (ECAC),northern-michigan,, , ,-
Warren Clark,Sr,D,6-3,195,2004.0,"Riverside, Ont.",St. Cloud State (NCHC),northern-michigan,,2023,TBL,6
Grayden Daul,Jr,D,6-0,180,2003.0,"Chicago, Ill.",Langley (BCHL),northern-michigan,, , ,-
Jason Davenport,Fr,D,6-2,190,2006.0,"Shelby Township, Mich.",Des Moines (USHL),northern-michigan,, , ,-
Branden Piku,Sr,F,5-8,165,2002.0,"Harrison Township, Mich.",Lake Superior (CCHA),northern-michigan,, , ,-
Olivier Beaulieu,So,D,5-11,168,2005.0,"Terrebonne, Que.",Chilliwack (BCHL),northern-michigan,, , ,-
Coster Dunn,Fr,F,6-1,190,2005.0,"Edmonton, Alb.",Seattle (WHL),northern-michigan,, , ,-
Mathew Ward,So,F,5-9,160,2004.0,"Kamloops, B.C.",Medicine Hat (WHL),northern-michigan,, , ,-
Brendan Lamb,Jr,F,5-10,180,2004.0,"Battle Creek, Mich.",Mercyhurst (),northern-michigan,, , ,-
Peter Cisar,So,F,6-0,176,2005.0,"Bratislava, Slovakia",Youngstown (USHL),northern-michigan,, , ,-
Medrick Bolduc,Jr,F,5-9,185,2003.0,"Val-d'Or, Que.",El Paso (NAHL),northern-michigan,, , ,-
Reilley Kotai,So,F,6-3,196,2004.0,"Abbotsford, B.C.",British Columbia (USports),northern-michigan,, , ,-
Grayden Slipec,Jr,F,5-10,190,2005.0,"Surrey, B.C.",Chicago (USHL),northern-michigan,, , ,-
Girts Silkalns,Sr,F,6-2,187,2003.0,"Talsi, Latvia",Mass.-Lowell (HEA),northern-michigan,, , ,-
Michael Burchill,So,F,5-10,163,2005.0,"Mundelein, Ill.",Des Moines (USHL),northern-michigan,, , ,-
Ian Engel,So,D,5-11,185,2004.0,"Hortonville, Wis.",North Dakota (NCHC),northern-michigan,, , ,-
Nik Gudmundson,Fr,F,5-10,187,2005.0,"Carnation, Wash.",Winkler Flyers (MJHL),northern-michigan,, , ,-
Darik Olson,Fr,D,6-2,198,2006.0,"Duluth, Minn.",Chilliwack (BCHL),northern-michigan,, , ,-
Aapo Katavisto,Fr,F,6-0,183,2007.0,"Espoo, Finland",Kiekko-Espoo (U20 SM-sarja),northern-michigan,, , ,-
Evan Depatie,Fr,D,5-9,176,2006.0,"Granby, Que.",Rimouski (QMJHL),northern-michigan,, , ,-
Merril Steenari,So,F,5-10,180,2004.0,"Aliso Viejo, Calif.",Colorado College (NCHC),northern-michigan,, , ,-
Owen Pitters,Fr,F,6-1,198,2005.0,"Chesterfield, Mich.",Aberdeen (NAHL),northern-michigan,, , ,-
Adam Csabi,Fr,F,5-11,163,2005.0,"Karvina, Czechia",Cranbrook (BCHL),northern-michigan,, , ,-
Oliver Auyeung-Ashton,So,G,5-10,163,2005.0,"Coquitlam, B.C.",Victoria (BCHL),northern-michigan,, , ,-
Jack Fuller,So,G,6-0,170,2004.0,"Centerville, Minn.",New Mexico (NAHL),northern-michigan,, , ,-
Max Weilandt,So,G,6-0,189,2005.0,"Northbrook, Ill.",Des Moines (USHL),northern-michigan,, , ,-
Jimmy Jurcev,Jr,D,6-5,196,2003.0,"Palos Heights, Ill.",Lincoln (USHL),notre-dame,, , ,-
Michael Quinn,Jr,D,5-11,188,2003.0,"St. Louis, Mo.",Miami (NCHC),notre-dame,, , ,-
Leo Gruba,Jr,D,6-2,203,2003.0,"Lake Elmo, Minn.",Minnesota (B10),notre-dame,, , ,-
Drew Mackie,So,D,6-0,187,2005.0,"Anchorage, Alaska",Brooks (BCHL),notre-dame,, , ,-
William Belle,So,F,6-4,218,2007.0,"Minnetonka, Minn.",USA U-17 Team (NTDP),notre-dame,,2025,TOR,5
Cole Brown,So,F,6-3,190,2005.0,"Aurora, Ont.",Brantford (OHL),notre-dame,,2023,NJD,6
Danny Nelson,Sr,F,6-3,203,2005.0,"Maple Grove, Minn.",USA U-18 Team (NTDP),notre-dame,,2023,NYI,2
Henry Nelson,Sr,D,6-1,174,2003.0,"Maple Grove, Minn.",Lincoln (USHL),notre-dame,, , ,-
Brennan Ali,Sr,F,6-0,194,2004.0,"Glencoe, Ill.",Lincoln (USHL),notre-dame,,2022,DET,7
Maddox Fleming,Sr,F,6-1,194,2004.0,"Rochester, Minn.",Sioux Falls (USHL),notre-dame,, , ,-
Jayden Davis,Sr,F,5-11,185,2003.0,"Calgary, Alb.",Green Bay (USHL),notre-dame,, , ,-
Paul Fischer,Sr,D,6-0,183,2005.0,"River Forest, Ill.",USA U-18 Team (NTDP),notre-dame,,2023,STL,5
Panayioti Fimis,So,F,5-11,183,2004.0,"Richmond Hill, Ont.",Erie (OHL),notre-dame,, , ,-
Evan Werner,Sr,F,5-8,175,2003.0,"Flower Mound, Texas",Michigan (B10),notre-dame,, , ,-
David Klee,So,F,6-4,207,2005.0,"Castle Rock, Colo.",North Dakota (NCHC),notre-dame,,2023,SJS,7
Jaedon Kerr,Jr,D,6-4,214,2003.0,"Fishers, Ind.",Waterloo (USHL),notre-dame,, , ,-
Hagen Burrows,Jr,F,6-2,188,2005.0,"Orono, Minn.",Denver (NCHC),notre-dame,,2024,TBL,4
Michael Schermerhorn,Jr,F,6-1,205,2003.0,"Traverse City, Mich.",New Mexico (NAHL),notre-dame,, , ,-
Dashel Oliver,So,F,5-10,185,2005.0,"Bloomington, Ind.",Lincoln (USHL),notre-dame,, , ,-
Carter Slaggert,Sr,F,5-9,172,2005.0,"South Bend, Ind.",USA U-18 Team (NTDP),notre-dame,, , ,-
Nicholas Kempf,Jr,G,6-2,190,2006.0,"Morton Grove, Ill.",US U-18 Team (NTDP),notre-dame,,2024,WSH,4
Patrick Quinlan,Fr,G,6-1,194,2007.0,"Kennett Square, Pa.",Sarnia (OHL),notre-dame,, , ,-
Sammy Nelson,Fr,F,6-2,197,2008.0,"Maple Grove, Minn.",USA U-18 Team (USHL),notre-dame,, , ,-
Toby Hopp,Jr,G,6-1,194,2004.0,"Maple Grove, Minn.",Air Force (AHA),notre-dame,, , ,-
Danny Klaers,Fr,D,6-0,187,2007.0,"Minnetrista, Minn.",Muskegon (USHL),notre-dame,, , ,-
Beckham Edwards,Fr,F,6-1,193,2008.0,"London, Ont.",Sarnia (OHL),notre-dame,,2026,DET,5
Jack Erickson,So,G,6-1,185,2004.0,"White Bear Lake, Minn.",Colorado (NAHL),ohio-state,, , ,-
Chris Able,Jr,D,6-1,198,2004.0,"Libertyville, Ill.",Chicago (USHL),ohio-state,, , ,-
Frankie Marrelli,Fr,D,5-11,190,2006.0,"Markham, Ont.",Ottawa (OHL),ohio-state,, , ,-
Jakub Fibigr,Fr,D,6-1,202,2006.0,"Unicov, Czechia",Windsor (OHL),ohio-state,,2024,SEA,7
Nathan McBrayer,Sr,D,6-0,195,2004.0,"Columbus, Ohio",Muskegon (USHL),ohio-state,, , ,-
Evan Jardine,Fr,F,6-1,191,2007.0,"Bloomfield Hills, Mich.",Youngstown (USHL),ohio-state,,2026,CBJ,4
Thomas Weis,Sr,F,5-10,180,2002.0,"Madison, Wis.",Madison (USHL),ohio-state,, , ,-
Jackson Crowder,Fr,F,6-3,205,2007.0,"Allen, Texas",Chicago (USHL),ohio-state,,2025,WSH,5
Felix Caron,Jr,F,6-0,180,2004.0,"Terrebonne, Que.",Rensselaer (ECAC),ohio-state,, , ,-
Max Montes,Sr,F,5-8,165,2003.0,"Waukesha, Wis.",Dubuque (USHL),ohio-state,, , ,-
Will Tomko,Fr,F,6-1,192,2006.0,"McMurray, Pa.",Sioux City (USHL),ohio-state,,2026,SEA,7
James Hong,Jr,F,5-10,177,2004.0,"Irvine, Calif.",Madison (USHL),ohio-state,, , ,-
Bryce Ingles,So,D,5-9,195,2005.0,"Clyde, Mich.",Sioux Falls (USHL),ohio-state,, , ,-
Niall Crocker,So,F,6-3,195,2004.0,"Delta, B.C.",Prince Albert (WHL),ohio-state,, , ,-
Sam Deckhut,Sr,F,5-11,195,2002.0,"San Diego, Calif.",Sioux City (USHL),ohio-state,, , ,-
Sam McGinley,Sr,D,6-3,198,2002.0,"Calgary, Alb.",New Brunswick (USports),ohio-state,, , ,-
William Smith,Sr,D,6-1,195,2003.0,"Toronto, Ont.",Omaha (USHL),ohio-state,, , ,-
Ryan Gordon,Sr,F,6-0,185,2002.0,"Duluth, Ga.",Sioux Falls (USHL),ohio-state,, , ,-
Jakub Milota,Fr,G,6-1,187,2006.0,"Ostrava, Czechia",Blainville-Boisbriand (QMJHL),ohio-state,,2024,NSH,4
Erik Påhlsson,Jr,F,6-1,194,2004.0,"Landskrona, Sweden",Minnesota (B10),ohio-state,,2024,NSH,7
Jake Karabela,So,F,5-11,187,2004.0,"Guelph, Ont.",Guelph (OHL),ohio-state,,2022,WSH,5
Benjamin Wilmott,Fr,F,6-2,190,2006.0,"Seattle, Wash.",Barrie (OHL),ohio-state,,2026,VGK,3
Ryan Rucinski,Fr,F,5-11,185,2006.0,"Broadview Heights, Ohio",Youngstown (USHL),ohio-state,,2025,BUF,7
Kristoffer Eberly,Sr,G,6-4,208,2002.0,"Pinckney, Mich.",Green Bay (USHL),ohio-state,, , ,-
Nathan Lewis,Jr,F,6-6,210,2004.0,"Chicago, Ill.",Madison (USHL),ohio-state,, , ,-
Sascha Boumedienne,Jr,D,6-2,183,2007.0,"Oulu, Finland",Boston University (HEA),ohio-state,,2025,WPG,1
Will Craig,Sr,G,6-2,225,2002.0,"Ennismore, Ont.",New Mexico (NAHL),omaha,, , ,-
Jayden Jubenvill,Jr,D,6-0,182,2003.0,"Gilbert Plains, Man.",North Dakota (NCHC),omaha,, , ,-
Ryan McCleary,Sr,D,6-3,195,2003.0,"Swift Current, Sask.",Toronto (AHL),omaha,,2021,PIT,7
Logan Wormald,Fr,F,5-10,163,2005.0,"Langley, B.C.",Spokane (WHL),omaha,, , ,-
Marcus Broberg,Jr,D,5-11,180,2003.0,"Örebro, Sweden",Salmon Arm (BCHL),omaha,, , ,-
Cameron Briere,So,F,5-10,165,2005.0,"Oakville, Ont.",Chicago (USHL),omaha,, , ,-
Luke Woodworth,So,F,5-10,170,2004.0,"Bridgewater, N.S.",Drummondville (QMJHL),omaha,, , ,-
Aiden Oiring,Fr,F,5-7,181,2005.0,"Calgary, Alb.",Prince Albert (WHL),omaha,, , ,-
Gavin Hodnett,Fr,F,5-8,161,2006.0,"Winnipeg, Man.",Edmonton (WHL),omaha,, , ,-
Myles Hilman,Jr,F,5-10,185,2003.0,"Blackfalds, Alb.",Waterloo (USHL),omaha,, , ,-
Sean Tschigerl,Jr,F,6-0,200,2003.0,"Whitecourt, Alb.",Alberta (USports),omaha,,2021,ANA,5
Lincoln Hjelm,Fr,F,6-0,185,2006.0,"Omaha, Neb.",Tri-City (USHL),omaha,, , ,-
Maxime Pellerin,Jr,F,6-0,190,2003.0,"Victoriaville, Que.",McGill (USports),omaha,, , ,-
Marc Lajoie,Jr,D,6-6,225,2003.0,"St. Albert, Alb.",Alberta (USports),omaha,, , ,-
Joel Plante,So,F,6-0,175,2005.0,"Langley, B.C.",Portland (WHL),omaha,, , ,-
William Lacelle,Fr,G,6-1,176,2007.0,"Gatineau, Que.",Rimouski (QMJHL),omaha,, , ,-
Trevor Wong,Jr,F,5-8,170,2003.0,"Vancouver, B.C.",Saskatchewan (USports),omaha,, , ,-
Maël Lavigne,Fr,F,6-4,196,2005.0,"Neuville, Que.",Blainville-Boisbriand (QMJHL),omaha,, , ,-
Vincent Desjardins,Fr,F,5-11,172,2006.0,"Mirabel, Que.",Blainville-Boisbriand (QMJHL),omaha,, , ,-
Arseni Marchenko,Fr,D,6-5,212,2006.0,"Minsk, Belarus",Fargo (USHL),omaha,, , ,-
Spencer Sova,So,D,6-1,190,2004.0,"Windsor, Ont.",Brampton (OHL),omaha,, , ,-
Carter Sotheran,Fr,D,6-4,198,2005.0,"Sanford, Man.",Edmonton (WHL),omaha,,2023,PHL,5
Brett Hyland,Jr,F,5-11,190,2003.0,"Edmonton, Alb.",Alberta (USports),omaha,,2023,WSH,7
Marcus Nguyen,So,F,5-11,185,2004.0,"Calgary, Alb.",Brandon (WHL),omaha,, , ,-
Dawson Cowan,So,G,6-3,195,2005.0,"Warren, Man.",Spokane (WHL),omaha,, , ,-
Parker Berge,Fr,D,6-0,181,2003.0,"Edmonton, Alb.",Greenville Swamp Rabbits (ECHL),omaha,, , ,-
Ryder Fetterolf,Fr,G,6-0,185,2008.0,"Pittsburgh, Pa.",Ottawa (OHL),penn-state,,2026,CAR,4
Caeden Herrington,So,D,6-2,205,2006.0,"Manchester, Vt.",Vermont (HEA),penn-state,,2025,LAK,4
Casey Aman,Sr,D,6-0,185,2003.0,"Johnstown, Pa.",Powell River (BCHL),penn-state,, , ,-
Mac Gadowsky,Sr,D,6-3,185,2002.0,"Fairbanks, Alaska",Army (AHA),penn-state,, , ,-
Ethan Weber,Fr,D,6-1,195,2006.0,"Manhattan Beach, Calif.",Penticton (WHL),penn-state,, , ,-
Jackson Smith,So,D,6-4,200,2007.0,"Calgary, Alb.",Tri-City (WHL),penn-state,,2025,CBJ,1
Charlie Michaud,So,D,6-0,195,2006.0,"Denver, Colo.",Miami (NCHC),penn-state,, , ,-
Keaton Peters,Jr,F,5-10,185,2004.0,"Sussex, Wis.",Lincoln (USHL),penn-state,, , ,-
Nick Fascia,Jr,D,6-2,185,2005.0,"Blackwood, N.J.",Waterloo (USHL),penn-state,, , ,-
Luke Misa,So,F,5-10,180,2005.0,"Oakville, Ont.",Brampton (OHL),penn-state,,2024,CGY,5
Kaden Pitre,Fr,F,6-0,185,2006.0,"Stouffville, Ont.",Flint (OHL),penn-state,,2024,TBL,6
Dane Dowiak,Sr,F,5-10,180,2002.0,"Wexford, Pa.",Tri-City (USHL),penn-state,, , ,-
Braedon Ford,Jr,F,5-10,175,2004.0,"Pittsburgh, Pa.",Des Moines (USHL),penn-state,, , ,-
Kale Dach,Fr,F,5-11,180,2007.0,"Fort Saskatchewan, Alb.",Wilkes-Barre/Scranton (AHL),penn-state,,2025,PIT,7
Marco Mignosa,Fr,F,6-0,180,2005.0,"Toronto, Ont.",Soo (OHL),penn-state,,2025,TBL,7
Reese Laubach,Sr,F,6-0,170,2003.0,"San Jose, Calif.",Omaha (USHL),penn-state,,2022,SJS,7
Lev Katzin,So,F,5-8,175,2007.0,"Thornhill, Ont.",Guelph (OHL),penn-state,, , ,-
Joshua Fleming,So,G,6-2,175,2004.0,"Montréal, Que.",Acadie-Bathurst (QMJHL),penn-state,, , ,-
Crew Petty,Fr,G,6-4,205,2007.0,"Kennewick, Wash.",Gilmour Academy (USHS-Prep),penn-state,, , ,-
Shea Busch,Fr,F,6-3,215,2007.0,"North Vancouver, B.C.",Everett (WHL),penn-state,,2025,FLA,4
Nolan Collins,So,D,6-4,220,2004.0,"Whitby, Ont.",Flint (OHL),penn-state,,2022,PIT,6
Justin Poirier,So,F,5-8,185,2006.0,"Salaberry-de-Valleyfield, Que.",Maine (HEA),penn-state,,2024,CAR,5
Andrew Kuzma,So,F,6-0,195,2005.0,"New York, N.Y.",Madison (USHL),penn-state,, , ,-
Shea Van Olm,So,F,6-1,200,2004.0,"Calgary, Alb.",Spokane (WHL),penn-state,, , ,-
Justin Larose,Fr,F,5-9,175,2005.0,"Saint-Lazare, Que.",Newfoundland (QMJHL),penn-state,, , ,-
Arthur Smith,Sr,G,6-4,210,2004.0,"Farmington, Conn.",Lone Star (NAHL),princeton,, , ,-
Denny Monahan,Fr,D,6-6,225,2006.0,"Norwell, Mass.",Victoria (BCHL),princeton,, , ,-
Pat Reilly,Jr,D,5-11,190,2004.0,"Avon, N.J.",Coquitlam (BCHL),princeton,, , ,-
Christian Lyons,Fr,D,6-1,185,2007.0,"St. Louis, Mo.",Sioux City (USHL),princeton,, , ,-
Maxime Lavoie,Fr,D,0-4,215,2006.0,"Victoria, B.C.",Brandon (WHL),princeton,, , ,-
Ian Devlin,Sr,D,6-2,210,2002.0,"Memphis, Tenn.",Coquitlam (BCHL),princeton,, , ,-
Kai Daniells,Sr,F,6-0,185,2003.0,"Whistler, B.C.",Nanaimo (BCHL),princeton,, , ,-
Hans Martin Ulvebne,So,F,6-0,195,2004.0,"Oslo, Norway",Cedar Rapids (USHL),princeton,, , ,-
Malcolm Green,So,F,6-6,225,2005.0,"Bedford, N.S.",Victoria (BCHL),princeton,, , ,-
Shaan Kingwell,Fr,F,6-0,175,2007.0,"Ottawa, Ont.",Ottawa (OHL),princeton,, , ,-
Jake Manfre,Jr,F,6-0,205,2004.0,"Smithtown, N.Y.",Coquitlam (BCHL),princeton,, , ,-
Drew Garzone,Jr,F,6-1,195,2004.0,"Dover, Mass.",Coquitlam (BCHL),princeton,, , ,-
Carson Buydens,Sr,F,6-3,200,2004.0,"Gladstone, Man.",Lincoln (USHL),princeton,, , ,-
Julian Facchinelli,Jr,F,6-0,205,2004.0,"Woodbridge, Ont.",Vernon (BCHL),princeton,, , ,-
Miles Gunty,Jr,F,5-11,185,2004.0,"Bethesda, Md.",Youngstown (USHL),princeton,, , ,-
Joshua Karnish,Sr,F,6-0,180,2003.0,"Marlton, N.J.",Cedar Rapids (USHL),princeton,, , ,-
Seamus Latta,So,F,6-0,195,2005.0,"Bozeman, Mont.",Omaha (USHL),princeton,, , ,-
Michael Young,Sr,F,5-11,190,2002.0,"Kings Park, N.Y.",New Jersey (NAHL),princeton,, , ,-
Matt Souliere,So,F,6-3,205,2006.0,"London, Ont.",Trenton (OJHL),princeton,, , ,-
Kai Greaves,Jr,D,6-2,205,2003.0,"Cambridge, Ont.",Prince George (BCHL),princeton,, , ,-
Jacob Gudelj,Fr,F,6-2,205,2005.0,"North Vancouver, B.C.",Tri-City (WHL),princeton,, , ,-
Luc Pelletier,Jr,F,6-4,205,2003.0,"Courtenay, B.C.",Victoria (BCHL),princeton,, , ,-
Ethan Mittelsteadt,Fr,D,6-0,190,2005.0,"Kelowna, B.C.",Vancouver (WHL),princeton,, , ,-
Conor Callaghan,Sr,G,6-0,180,2003.0,"Upper Saddle River, N.J.",Muskegon (USHL),princeton,, , ,-
Brady Morris,So,G,5-10,175,2006.0,"Rye, N.Y.",Team Maroon (PPP),princeton,, , ,-
Christopher Reiniger,So,D,5-8,170,2006.0,"Annapolis, Md.",Chicago (USHL),princeton,, , ,-
Daniel Moor,So,G,6-2,190,2006.0,"Omaha, Neb.",Waterloo (USHL),princeton,, , ,-
Tomas Machu,Jr,D,6-4,200,2003.0,"Ostrava, Czechia",Youngstown (USHL),providence,,2021,NYI,7
Jack Laferriere,Fr,D,6-3,201,2005.0,"Chatham, N.J.",Elmira (NAHL),providence,, , ,-
Everett Baldwin,Fr,D,6-0,183,2007.0,"Providence, R.I.",Saint John (QMJHL),providence,,2025,TBL,5
JJ Monteiro,Fr,F,5-11,188,2006.0,"Hudson, Mass.",Sioux Falls (USHL),providence,, , ,-
Donovan McCoy,So,D,6-0,210,2004.0,"Belleville, Ont.",Sudbury (OHL),providence,, , ,-
Graham Gamache,Sr,F,5-11,180,2002.0,"Edmonton, Alb.",Tri-City (USHL),providence,, , ,-
Blake Zielinski,Fr,F,6-0,187,2008.0,"Berlin, N.J.",Des Moines (USHL),providence,,2026,LAK,3
Ryder Cali,Fr,F,6-2,209,2008.0,"Lugano, Switzerland",North Bay (OHL),providence,,2026,FLA,2
Aleksi Kivioja,Jr,F,6-5,220,2003.0,"Helsinki, Finland",Omaha (USHL),providence,, , ,-
Will Elger,Jr,F,6-2,185,2004.0,"Westerville, Ohio",Omaha (USHL),providence,, , ,-
Jonathan Fauchon,So,F,5-10,175,2004.0,"Ste-Claire-de-Bellechasse, Que.",Rimouski (QMJHL),providence,, , ,-
Beau Jelsma,So,F,5-9,190,2004.0,"London, Ont.",Barrie (OHL),providence,, , ,-
Carter Klippenstein,Fr,F,6-3,185,2006.0,"Lethbridge, Alb.",Brandon (WHL),providence,,2025,MIN,4
Tanner Adams,Sr,F,5-11,185,2005.0,"Northport, N.Y.",Tri-City (USHL),providence,, , ,-
Cade Christenson,Jr,D,6-3,205,2004.0,"Edmonton, Alb.",Penn State (B10),providence,, , ,-
John Mustard,Jr,F,6-1,195,2006.0,"Oradell, N.J.",Waterloo (USHL),providence,,2024,CHI,3
Clint Levens,Sr,F,6-3,200,2003.0,"Windermere, Fla.",Sioux Falls (USHL),providence,, , ,-
Andrew Centrella,Sr,D,5-9,175,2004.0,"Philadelphia, Pa.",Youngstown (USHL),providence,, , ,-
Quinn Mantei,So,D,6-0,186,2005.0,"Weyburn, Sask.",Brandon (WHL),providence,, , ,-
Julius Sumpf,So,F,6-2,190,2005.0,"München, Germany",Moncton (QMJHL),providence,,2025,CHI,4
Alex Rybakov,So,D,6-3,210,2005.0,"Chelyabinsk, Russia",Sioux Falls (USHL),providence,, , ,-
Martin Masa,So,D,6-2,185,2005.0,"Brno, Czechia",Cedar Rapids (USHL),providence,, , ,-
Jack Parsons,So,G,6-4,194,2006.0,"Ithaca, N.Y.",Chicago (USHL),providence,,2026,WPG,7
Gibson Homer,Gr,G,6-6,205,2003.0,"Grand Rapids, Mich.",North Dakota (NCHC),providence,, , ,-
Aaron Matthews,So,G,5-9,165,2004.0,"Newton, Mass.",New Jersey (NCDC),providence,, , ,-
Logan Sawyer,Jr,F,6-2,190,2006.0,"Orangeville, Ont.",Brooks (AJHL),providence,,2024,MTL,3
Thomas Vandenberg,Fr,F,6-0,180,2008.0,"Nepean, Ont.",Ottawa (OHL),providence,,2026,LAK,4
Jan Golicic,Fr,D,6-5,205,2006.0,"Jesenice, Slovenia",Gatineau (QMJHL),quinnipiac,,2024,TBL,4
Drew Anastasio,Fr,D,6-0,185,2005.0,"West Simsbury, Conn.",Tri-City (USHL),quinnipiac,, , ,-
Andrew Strathmann,Jr,D,5-11,190,2005.0,"Beach Park, Ill.",North Dakota (NCHC),quinnipiac,,2023,CBJ,4
Brady Schultz,So,D,5-10,190,2004.0,"Monroe, Conn.",Halifax (QMJHL),quinnipiac,, , ,-
Parker Alcos,Fr,D,6-4,190,2006.0,"Port Moody, B.C.",Kelowna (WHL),quinnipiac,,2024,VAN,6
Elliott Groenewold,Jr,D,6-2,208,2006.0,"Bellows Falls, Vt.",Cedar Rapids (USHL),quinnipiac,,2024,BOS,4
Matthew McGroarty,Sr,F,5-10,172,2003.0,"Westport, Conn.",Madison (USHL),quinnipiac,, , ,-
Tyler Borgula,Jr,F,5-9,170,2005.0,"Livonia, Mich.",Sioux Falls (USHL),quinnipiac,, , ,-
Aaron Schwartz,Jr,F,5-10,165,2004.0,"Parkland, Fla.",Surrey (BCHL),quinnipiac,, , ,-
Markus Vidicek,So,F,5-10,175,2004.0,"Montréal, Que.",Moncton (QMJHL),quinnipiac,, , ,-
Gabriel Frasca,Fr,F,6-1,190,2006.0,"Caledon, Ont.",Brantford (OHL),quinnipiac,, , ,-
Graham Sward,So,D,6-4,195,2003.0,"Langley, B.C.",Norfolk (ECHL),quinnipiac,,2022,NSH,5
Alex Kostov,Fr,F,6-4,210,2006.0,"Mississauga, Ont.",Flint (OHL),quinnipiac,,2026,LAK,6
Jack Stockfish,Sr,F,6-4,220,2002.0,"North Bay, Ont.",Holy Cross (AHA),quinnipiac,, , ,-
Ethan Wyttenbach,So,F,5-10,185,2007.0,"Roslyn, N.Y.",Sioux Falls (USHL),quinnipiac,,2025,CGY,5
Mason Marcellus,Sr,F,5-9,165,2002.0,"Greely, Ont.",Lincoln (USHL),quinnipiac,, , ,-
Braden Blace,Jr,D,6-3,189,2003.0,"Duncan, B.C.",Alberni Valley (BCHL),quinnipiac,, , ,-
Antonin Verreault,So,F,5-9,175,2004.0,"Mirabel, Que.",Rouyn-Noranda (QMJHL),quinnipiac,, , ,-
Dylan Edwards,Fr,F,5-8,175,2005.0,"Toronto, Ont.",Kitchener (OHL),quinnipiac,, , ,-
Nate Tivey,So,D,6-5,205,2004.0,"Burlington, Ont.",Saint John (QMJHL),quinnipiac,, , ,-
Matthew Lansing,So,F,6-2,190,2007.0,"Tonawanda, N.Y.",Fargo (USHL),quinnipiac,,2025,VAN,7
Andon Cerbone,Sr,F,5-9,163,2004.0,"Stamford, Conn.",Youngstown (USHL),quinnipiac,, , ,-
Chris Pelosi,Jr,F,6-2,183,2005.0,"Sewell, N.J.",Sioux Falls (USHL),quinnipiac,,2023,BOS,3
Samuel Scopa,So,G,6-0,185,2005.0,"Lexington, Mass.",Madison (USHL),quinnipiac,, , ,-
Rorke Applebee,Jr,G,6-0,180,2003.0,"Châteauguay, Que.",Lake Superior (CCHA),quinnipiac,, , ,-
Christian Kirsch,Fr,G,6-4,207,2006.0,"Basel, Switzerland",Kitchener (OHL),quinnipiac,,2024,SJS,4
Logan Heroux,Jr,D,6-2,207.0,2003.0,"Middletown, N.J.",Ferris State (CCHA),rensselaer,, , ,-
Guerin Slezak,Fr,D,5-10,187.0,2006.0,"Arlington, Texas",Cedar Rapids (USHL),rensselaer,, , ,-
Kazimier Sobieski,Jr,D,6-1,195.0,2004.0,"Deerfield, Mass.",Massachusetts (HEA),rensselaer,, , ,-
Thomas Klassek,So,D,6-0,183.0,2005.0,"Klagenfurt, Austria",EC-KAC (ICEHL),rensselaer,, , ,-
Harrison Lodewyck,Fr,F,5-11,207.0,2005.0,"Red Deer, Alb.",Prince Albert (WHL),rensselaer,, , ,-
Ethan Bono,Sr,F,6-3,201.0,2004.0,"Port McNeill, B.C.",Merrimack (HEA),rensselaer,, , ,-
Caleb Hadland,Fr,F,5-10,190.0,2006.0,"Sylvan Lake, Alb.",Brandon (WHL),rensselaer,, , ,-
Rainers Rullers,Jr,F,6-4,-,2004.0,"Riga, Latvia",Madison (USHL),rensselaer,, , ,-
Ryan Michael,Fr,D,6-2,196.0,2005.0,"Langley, B.C.",Kamloops (WHL),rensselaer,, , ,-
Jordan Gavin,Fr,F,5-11,187.0,2006.0,"Surrey, B.C.",Brandon (WHL),rensselaer,, , ,-
Luke Goukler,Fr,F,5-11,179.0,2006.0,"Cumming, Ga.",Chicago (USHL),rensselaer,, , ,-
Brendan Ross,So,F,6-4,190.0,2003.0,"Calgary, Alb.",Providence (HEA),rensselaer,, , ,-
James Guo,Fr,D,6-1,194.0,2005.0,"Woodbridge, Ont.",Saginaw (OHL),rensselaer,, , ,-
Benjamin Yurchuk,Fr,F,5-8,170.0,2005.0,"Montréal, Que.",Merrimack (HEA),rensselaer,, , ,-
Leo Serlin,Fr,F,6-1,192.0,2006.0,"Toronto, Ont.",Guelph (OHL),rensselaer,, , ,-
Matthew Buckley,So,F,6-0,183.0,2005.0,"Oakville, Ont.",Oshawa (OHL),rensselaer,, , ,-
Landen Hilditch,So,D,6-3,201.0,2005.0,"Surrey, B.C.",Penticton (BCHL),rensselaer,, , ,-
Grayson Burzynski,Fr,D,6-4,212.0,2005.0,"Iowa City, Iowa",Brandon (WHL),rensselaer,, , ,-
Nate Krawchuk,So,G,6-3,190.0,2005.0,"Thunder Bay, Ont.",Sudbury (OHL),rensselaer,, , ,-
Carson Dorfman,Jr,G,6-0,179.0,2003.0,"Hermitage, Tenn.",Sioux City (USHL),rensselaer,, , ,-
Brad McNeil,Sr,F,6-1,185.0,2002.0,"Royal Oak, Mich.",Maryland (NAHL),rensselaer,, , ,-
Simon Motew,So,D,6-1,190.0,2003.0,"Highland Park, Ill.",Maine (HEA),rensselaer,, , ,-
Filip Sitar,Jr,F,6-0,187.0,2005.0,"Ljubljana, Slovakia",Connecticut (HEA),rensselaer,, , ,-
Jagger Tapper,Jr,F,6-0,185.0,2004.0,"Calgary, Alb.",Okotoks (AJHL),rensselaer,, , ,-
Mathieu Bourgault,So,F,6-2,176.0,2003.0,"St-Bruno-de-Montarville, Que.",Bismarck (NAHL),rensselaer,, , ,-
Alfred Lindberg,Sr,F,6-0,185.0,2002.0,"Hallsberg, Sweden",American Int'l (AHA),rensselaer,, , ,-
Ian Scherzer,So,F,6-0,192.0,2005.0,"Villach, AUT",Madison (USHL),rensselaer,, , ,-
Ethan McCallum,Fr,G,6-4,203.0,2006.0,"Brandon, Man.",Penticton (WHL),rensselaer,, , ,-
Jakub Krbecek,Jr,G,6-2,198,2003.0,"Praha, Czech Republic",Philadelphia (NAHL),rit,, , ,-
Brock Reinhart,So,D,6-3,200,2004.0,"Elora, Ont.",Penticton (BCHL),rit,, , ,-
Ryan Williams,Jr,D,6-4,195,2003.0,"Pleasantville, Ohio",Janesville (NAHL),rit,, , ,-
Braedyn Rogers,Fr,D,6-1,185,2006.0,"Belleville, Ont.",Owen Sound (OHL),rit,, , ,-
Matthew Wilde,Sr,F,6-2,214,2002.0,"Mississauga, Ont.",Massachusetts (HEA),rit,, , ,-
Nick De Angelis,So,D,6-2,190,2004.0,"King City, Ont.",New Hampshire (HEA),rit,, , ,-
Zach Wigle,So,F,6-0,195,2004.0,"Oakville, Ont.",North Bay (OHL),rit,, , ,-
Nick Peluso,So,F,5-7,170,2004.0,"Rochester, N.Y.",Maine (HEA),rit,, , ,-
Matthew Wang,Fr,F,6-2,202,2005.0,"London, Ont.",Oshawa (OHL),rit,, , ,-
Caleb Elfering,So,F,5-9,170,2004.0,"Richland, Wash.",Chilliwack (BCHL),rit,, , ,-
Nathan DellaDonna,Fr,F,5-11,175,2006.0,"Brewerton, N.Y.",Des Moines (USHL),rit,, , ,-
Ryan Shaw,Fr,F,5-9,175,2005.0,"East Longmeadow, Mass.",Rochester (NAHL),rit,, , ,-
Jack McAra,Fr,F,6-1,190,2005.0,"Burlington, Ont.",Cowichan Valley (BCHL),rit,, , ,-
Lucas Romeo,Fr,F,6-3,210,2005.0,"Oakville, Ont.",Cape Breton (QMJHL),rit,, , ,-
Tristan Allen,Jr,D,6-0,184,2003.0,"Kamloops, B.C.",Salmon Arm (BCHL),rit,, , ,-
Kevin Scott,Sr,D,6-3,215,2003.0,"Ashburn, Va.",Fargo (USHL),rit,, , ,-
Camden Bajzer,So,F,5-11,184,2004.0,"Cleveland, Ohio",Cowichan Valley (BCHL),rit,, , ,-
Ben Roger,Sr,D,6-5,204,2002.0,"Markham, Ont.",Saint Mary's (USports),rit,,2021,OTT,2
Matthew Mania,So,D,6-1,189,2005.0,"Brandon, Fla.",Michigan (B10),rit,,2023,LAK,5
William Moore,So,F,5-11,185,2004.0,"Westfield, Ind.",Prince George (BCHL),rit,, , ,-
Christian Catalano,Sr,F,6-1,190,2003.0,"Mississauga, Ont.",Maryland (NAHL),rit,, , ,-
Mason Croucher,Jr,D,6-2,186,2004.0,"Victoria, B.C.",Alberni Valley (BCHL),rit,, , ,-
Alex Christopoulos,Jr,F,5-11,197,2003.0,"Richmond Hill, Ont.",St. Francis Xavier (USports),rit,, , ,-
Evan Konyen,So,F,6-0,181,2004.0,"Newmarket, Ont.",Flint (OHL),rit,, , ,-
Julian Demiglio,Fr,F,5-10,195,2006.0,"Concord, Ont.",Brampton (OHL),rit,, , ,-
Zachary Bowen,Fr,G,6-3,210,2005.0,"Ottawa, Ont.",Brampton (OHL),rit,, , ,-
Collin Mackenzie,So,G,6-0,180,2004.0,"Elora, Ont.",Ottawa (OHL),rit,, , ,-
Croix Kochendorfer,Jr,G,6-4,223,2003.0,"St. Paul, Minn.",Aberdeen (NAHL),robert-morris,, , ,-
Gavin Ewles,Fr,D,6-0,190,2005.0,"Barrie, Ont.",Sudbury (OHL),robert-morris,, , ,-
Dominic Elliott,Jr,D,5-10,176,2004.0,"Allendale, Mich.",Oklahoma (NAHL),robert-morris,, , ,-
Luke van Why,Sr,D,5-10,163,2003.0,"Hatfield, Pa.",Maryland (NAHL),robert-morris,, , ,-
Charlie Kinsman,Jr,D,5-11,196,2005.0,"Orchard Park, N.Y.",Vermont (HEA),robert-morris,, , ,-
John Babcock,So,D,6-2,205,2004.0,"North Vancouver, B.C.",Regina Pats (WHL),robert-morris,, , ,-
Gabriel Lunn,Sr,D,6-0,190,2003.0,"Lockport, N.Y.",Johnstown (NAHL),robert-morris,, , ,-
Max Wattvil,Sr,D,6-2,192,2002.0,"Stockholm, Sweden",Merrimack (HEA),robert-morris,, , ,-
J.R. Ashmead,Jr,D,6-2,181,2003.0,"Calgary, Alb.",Bonnyville (AJHL),robert-morris,, , ,-
Dario Beljo,Sr,F,6-3,190,2002.0,"Sudbury, Ont.",American Int'l (AHA),robert-morris,, , ,-
Jackson Reineke,Sr,F,5-10,174,2002.0,"Faribault, Minn.",Anchorage (NAHL),robert-morris,, , ,-
Julian Beaumont,So,F,5-8,161,2004.0,"Allen, Texas",Bismarck (NAHL),robert-morris,, , ,-
Connor Gourley,Jr,F,6-2,170,2004.0,"Calgary, Alb.",Okotoks (BCHL),robert-morris,, , ,-
George Krotiris,Sr,F,5-11,165,2002.0,"Markham, Ont.",Cobourg (OJHL),robert-morris,, , ,-
Patrick Johnson,Jr,F,5-8,187,2003.0,"Chesterfield, Mo.",Bismarck (NAHL),robert-morris,, , ,-
Bruce McDonald,So,F,6-0,176,2004.0,"Ottawa, Ont.",Owen Sound (OHL),robert-morris,, , ,-
Ryan MacPherson,Jr,F,6-1,185,2005.0,"Windsor, Ont.",New Hampshire (HEA),robert-morris,,2023,PHI,6
McKay Hayes,Sr,F,6-2,205,2002.0,"Ancaster, Ont.",Markham (OJHL),robert-morris,, , ,-
Ben Pickell,Fr,F,5-10,198,2005.0,"Courtice, Ont.",Sarnia (OHL),robert-morris,, , ,-
Gunnar VanDamme,Sr,D,6-0,192,2002.0,"Pittsford, N.Y.",RPI (ECAC),robert-morris,, , ,-
Calvin Crombie,Fr,F,6-0,195,2005.0,"Hamilton, Ont.",Barrie (OHL),robert-morris,, , ,-
Stanley Hubbard,Fr,F,6-7,230,2005.0,"Albuquerque, N.M.",New Mexico (NAHL),robert-morris,, , ,-
Braden Rourke,Jr,F,6-0,172,2004.0,"Des Moines, Iowa",Des Moines (USHL),robert-morris,, , ,-
Trent Wilson,Jr,F,6-1,187,2004.0,"Tsawwassen, B.C.",West Kelowna (BCHL),robert-morris,, , ,-
Brennan Faulkner,Fr,F,6-0,176,2005.0,"London, Ont.",Peterborough (OHL),robert-morris,, , ,-
Michael Felsing,Jr,F,5-11,181,2003.0,"Pittsburgh, Pa.",Merritt (BCHL),robert-morris,, , ,-
Lucas Massie,Jr,G,6-1,190,2003.0,"Claremont, Calif.",Union (ECAC),robert-morris,, , ,-
Charlie Schenkel,So,G,6-6,205,2004.0,"Toronto, Ont.",Kingston (OHL),robert-morris,, , ,-
Luca Primerano,So,F,6-2,190,2005.0,"North Vancouver, B.C.",Cowichan Valley (BCHL),robert-morris,, , ,-
Ajeet Gundarah,Jr,G,6-0,180,2003.0,"Richmond, B.C.",Surrey (BCHL),sacred-heart,, , ,-
Aiden VanRooyan,Jr,D,6-2,200,2003.0,"Dakota Dunes, S.D.",Des Moines (USHL),sacred-heart,, , ,-
Michael Rubin,Jr,D,6-1,185,2003.0,"Blauvelt, N.Y.",Coquitlam (BCHL),sacred-heart,, , ,-
Jack O'Brien,Fr,D,6-2,205,2005.0,"Kennebunk, Maine",Dubuque (USHL),sacred-heart,, , ,-
Noah Roberts,Fr,D,6-1,198,2005.0,"Boca Raton, Fla.",Owen Sound (OHL),sacred-heart,, , ,-
Chase Ramsay,Sr,D,6-0,181,2003.0,"Granite Springs, N.Y.",Quinnipiac (ECAC),sacred-heart,, , ,-
Christian Chouha,Fr,F,5-11,181,2006.0,"Freehold, N.J.",Langley (BCHL),sacred-heart,, , ,-
Liam Lesakowski,Sr,D,6-5,220,2003.0,"Buffalo, N.Y.",Maine (HEA),sacred-heart,, , ,-
Jake Hewitt,Sr,F,5-10,180,2002.0,"Ashburnham, Mass.",Army (AHA),sacred-heart,, , ,-
Gavin Bryant,So,F,5-11,190,2004.0,"Ingersoll, Ont.",Peterborough (OHL),sacred-heart,, , ,-
Jack Hillier,So,F,6-2,180,2004.0,"Petawawa, Ont.",New Jersey (NAHL),sacred-heart,, , ,-
Nolan Flynn,Fr,F,6-1,185,2005.0,"Natick, Mass.",Coquitlam (BCHL),sacred-heart,, , ,-
Vitaly Levyy,Jr,F,5-11,170,2003.0,"Old Brookville, N.Y.",Langley (BCHL),sacred-heart,, , ,-
Jake Bongo,Sr,F,5-10,170,2003.0,"Ridgefield, Conn.",Surrey (BCHL),sacred-heart,, , ,-
Devin Phillips,Gr,F,5-9,175,2001.0,"Raleigh, N.C.",Holy Cross (AHA),sacred-heart,, , ,-
Ashton Dahms,Fr,F,6-1,179,2005.0,"Lakeville, Minn.",Tri-City (USHL),sacred-heart,, , ,-
Lenny Greenberg,Fr,D,6-0,181,2005.0,"El Segundo, Calif.",Owen Sound (OHL),sacred-heart,, , ,-
Taos Jordan,Fr,D,5-11,190,2004.0,"Brooklin, Ont.",Jacksonville Icemen (ECHL),sacred-heart,, , ,-
Talon Brigley,Fr,F,5-11,176,2005.0,"Red Deer, Alb.",Red Deer (WHL),sacred-heart,, , ,-
Cole Galata,Sr,F,5-10,175,2002.0,"Barrie, Ont.",Surrey (BCHL),sacred-heart,, , ,-
Emmanuel Vermette,Fr,F,6-1,205,2005.0,"Québec, Que.",Chicoutimi (QMJHL),sacred-heart,, , ,-
Jack Spicer,Jr,G,6-1,185,2004.0,"Rockville, Md.",Lone Star (NAHL),sacred-heart,, , ,-
Nils Wallstrom,Sr,G,6-3,185,2003.0,"Skellefteå, Sweden",American Int'l (AHA),sacred-heart,, , ,-
Mirko Buttazzoni,Jr,F,5-11,190,2004.0,"Langley, B.C.",Mass.-Lowell (HEA),sacred-heart,, , ,-
Ethan Semeniuk,Fr,F,6-1,192,2005.0,"Fort St. John, B.C.",Moose Jaw (WHL),sacred-heart,, , ,-
Nick Bernardo,Jr,D,5-9,170,2003.0,"Hauppauge, N.Y.",Long Island (D-I Ind.),sacred-heart,, , ,-
Landon Hanson,Fr,F,6-0,181,2006.0,"Grande Prairie, Alb.",Edmonton (WHL),sacred-heart,, , ,-
Diego Buttazzoni,So,F,5-9,183,2006.0,"Langley, B.C.",Mass.-Lowell (HEA),sacred-heart,, , ,-
Landen Gunderson,So,F,6-2,195,2004.0,"Plymouth, Minn.",Ohio State (B10),sacred-heart,, , ,-
Yan Shostak,So,G,6-0,185,2004.0,"Minsk, Belarus",Lincoln (USHL),st-cloud-state,, , ,-
Finn McLaughlin,So,D,6-2,205,2006.0,"Canmore, Alb.",Minnesota (B10),st-cloud-state,, , ,-
Joseph Belisle,So,D,6-0,185,2005.0,"Hugo, Minn.",Sioux Falls (USHL),st-cloud-state,, , ,-
Jacob Napier,Sr,D,6-2,205,2003.0,"Lancaster, N.Y.",Colgate (ECAC),st-cloud-state,, , ,-
Carson Pilgrim,Fr,F,5-11,175,2006.0,"Warroad, Minn.",Tri-City (USHL),st-cloud-state,, , ,-
Nolan Stevenson,Fr,D,6-2,165,2005.0,"Shaunavon, Sask.",Penticton (WHL),st-cloud-state,, , ,-
Jack Reimann,Sr,F,6-1,205,2002.0,"Ham Lake, Minn.",Des Moines (USHL),st-cloud-state,, , ,-
Darels Uljanskis,Fr,D,6-2,205,2006.0,"Riga, Latvia",Flint (OHL),st-cloud-state,,2024,ANA,7
Garrett Frazer,Fr,D,6-1,185,2006.0,"Haymarket, Va.",Peterborough (OHL),st-cloud-state,, , ,-
John Hirschfeld,Fr,F,5-8,160,2006.0,"St. Cloud, Minn.",Lincoln (USHL),st-cloud-state,, , ,-
Charlie Lurie,Sr,F,5-11,190,2003.0,"Minnetonka, Minn.",Minnesota State (CCHA),st-cloud-state,, , ,-
Noah Urness,So,F,5-11,180,2005.0,"Roseau, Minn.",Sioux Falls (USHL),st-cloud-state,, , ,-
Adam Vigfusson,Fr,F,5-9,165,2005.0,"Gimli, Man.",Niverville (MJHL),st-cloud-state,, , ,-
Hayden Paupanekis,Fr,F,6-5,205,2007.0,"Winnipeg, Man.",Kelowna (WHL),st-cloud-state,,2025,MTL,3
William Sharpe,Fr,D,6-1,200,2007.0,"Delta, B.C.",Kelowna (WHL),st-cloud-state,,2025,LAK,7
Aiden Welch,So,F,6-2,215,2004.0,"White Bear Lake, Minn.",Sioux Falls (USHL),st-cloud-state,, , ,-
Brock Souch,Fr,F,6-0,180,2006.0,"Edmonton, Alb.",Prince George (WHL),st-cloud-state,, , ,-
Jake Southgate,Sr,F,5-11,185,2002.0,"North Battleford, Sask.",Lindenwood (D-I Ind.),st-cloud-state,, , ,-
Nolan Roed,So,F,5-11,190,2005.0,"White Bear Lake, Minn.",Tri-City (USHL),st-cloud-state,,2025,COL,7
William Ahlrik,Jr,F,6-0,190,2003.0,"Tidaholm, Sweden",Lake Superior (CCHA),st-cloud-state,, , ,-
Thor Byfuglien,Jr,D,5-11,175,2003.0,"Roseau, Minn.",Chicago (USHL),st-cloud-state,, , ,-
Jamison Sluys,Fr,F,5-10,190,2005.0,"Point Roberts, Wash.",Western Michigan (NCHC),st-cloud-state,, , ,-
Elliot Paddington,Fr,F,6-4,215,2005.0,"Thunder Bay, Ont.",Austin (NAHL),st-cloud-state,, , ,-
Gavyn Thoreson,Jr,F,5-9,185,2004.0,"Andover, Minn.",Waterloo (USHL),st-cloud-state,, , ,-
Mason McElroy,Fr,G,6-0,195,2006.0,"St. Michael, Minn.",Fairbanks (NAHL),st-cloud-state,, , ,-
Patriks Berzins,Jr,G,6-1,175,2003.0,"Sabile, Latvia",Maine (HEA),st-cloud-state,, , ,-
Cameron Smith,Sr,G,6-2,175,2002.0,"Westchester, N.Y.",PAL (NCDC),st-lawrence,, , ,-
Will Bishop,Fr,D,6-6,215,2005.0,"London, Ont.",Kingston (OHL),st-lawrence,, , ,-
William Bishop,So,D,6-0,201,2004.0,"Baie d'Urfée, Que.",Clarkson (ECAC),st-lawrence,, , ,-
Andrew Brown,So,D,5-11,185,2005.0,"Oakville, Ont.",Cape Breton (QMJHL),st-lawrence,, , ,-
Sam Hall,Jr,D,6-2,185,2004.0,"Oldwick, N.J.",Okotoks (BCHL),st-lawrence,, , ,-
Sam LeDrew,So,F,6-1,180,2005.0,"Stillwater Lake, N.S.",West Kelowna (BCHL),st-lawrence,, , ,-
Filip Juricek,So,F,5-10,169,2004.0,"Ostrava, Czech Republic",Jokerit (U20 SM-sarja),st-lawrence,, , ,-
Ihnat Pazii,Fr,F,5-10,175,2006.0,"Kharkiv, Ukraine",Flint (OHL),st-lawrence,, , ,-
Jakub Kopecky,So,F,6-3,195,2004.0,"Grand Rapids, Mich.",Bismarck (NAHL),st-lawrence,, , ,-
Cooper Pierson,So,F,5-9,175,2005.0,"Zionsville, Ind.",Brooks (BCHL),st-lawrence,, , ,-
Cayden Casey,Jr,F,6-1,174,2004.0,"Elk River, Minn.",Cedar Rapids (USHL),st-lawrence,, , ,-
Evan Mitchell,Sr,D,5-11,185,2002.0,"Kanata, Ont.",Blackfalds (AJHL),st-lawrence,, , ,-
Sam Frandina,So,D,5-9,170,2004.0,"Hanover, N.H.",Coquitlam (BCHL),st-lawrence,, , ,-
Gabe Westling,Jr,F,6-4,203,2003.0,"Mora, Sweden",Nanaimo (BCHL),st-lawrence,, , ,-
James Fisher,Jr,F,6-2,195,2004.0,"Burlington, Mass.",Northeastern (HEA),st-lawrence,,2022,CBJ,7
Jacob Bernadet,Jr,F,5-10,170,2003.0,"South Burlington, Vt.",Maine (NAHL),st-lawrence,, , ,-
Owen Tylec,Fr,F,5-11,179,2006.0,"Wheatfield, N.Y.",Des Moines (USHL),st-lawrence,, , ,-
Jake Rozzi,Jr,F,6-0,182,2004.0,"Kirkland, Que.",Ohio State (B10),st-lawrence,, , ,-
Luke Santilli,So,D,6-4,221,2004.0,"Reading, Mass.",Youngstown (USHL),st-lawrence,, , ,-
Jan Olenginski,Sr,D,5-9,165,2003.0,"Philadelphia, Pa.",Madison (USHL),st-lawrence,, , ,-
Luke Posthumus,Fr,F,6-0,187,2005.0,"Ottawa, Ont.",Oshawa (OHL),st-lawrence,, , ,-
Max Dirracolo,Fr,D,6-4,220,2006.0,"Barrie, Ont.",Kitchener (OHL),st-lawrence,, , ,-
Jake Lammens,Sr,D,6-2,194,2002.0,"Norwalk, Conn.",Salmon Arm (BCHL),st-lawrence,, , ,-
Isaac Tremblay,Jr,F,6-1,190,2004.0,"Granby, Que.",Vernon (BCHL),st-lawrence,, , ,-
Nicholas Beneteau,Jr,F,6-3,192,2003.0,"Windsor, Ont.",Alberni Valley (BCHL),st-lawrence,, , ,-
Gunnar Thoreson,Sr,F,5-10,185,2002.0,"Andover, Minn.",Minnesota (NAHL),st-lawrence,, , ,-
Colin Winn,So,G,6-1,195,2004.0,"Westford, Mass.",Alberni Valley (BCHL),st-lawrence,, , ,-
Jack Wieneke,Jr,G,6-1,180,2003.0,"Plymouth, Minn.",Lone Star (NAHL),st-lawrence,, , ,-
William Ingemann,So,G,5-11,179,2005.0,"Plymouth, Minn.",Penticton (BCHL),st-thomas,, , ,-
Cole Miller,Sr,D,5-11,181,2002.0,"Littleton, Colo.",Sioux Falls (USHL),st-thomas,, , ,-
Justin Kipkie,So,D,6-4,210,2005.0,"Calgary, Alb.",Arizona State (NCHC),st-thomas,,2025,MIN,5
Winter Wallace,Gr,F,6-4,222,2002.0,"Boulder, Colo.",Cornell (ECAC),st-thomas,, , ,-
Luken Huff,Fr,D,6-3,205,2006.0,"Mazama, Wash.",Cedar Rapids (USHL),st-thomas,,2026,SEA,5
Rhett Hawkins,Fr,F,6-0,180,2005.0,"St. Louis, Mo.",London (OHL),st-thomas,, , ,-
Mason Poolman,Sr,D,6-1,179,2002.0,"East Grand Forks, Minn.",Penticton (BCHL),st-thomas,, , ,-
Aiden Grossklaus,Fr,F,6-0,185,2007.0,"Woodbury, Minn.",Wenatchee (WHL),st-thomas,, , ,-
Sam Groebner,Jr,D,6-2,200,2003.0,"Apple Valley, Minn.",Army (AHA),st-thomas,, , ,-
Lucas Van Vliet,So,F,6-2,181,2006.0,"Livonia, Mich.",Dubuque (USHL),st-thomas,,2024,VGK,7
Jakub Altrichter,Jr,F,5-11,165,2003.0,"Praha, Czech Republic",Northern Michigan (CCHA),st-thomas,, , ,-
Vincent Collard,Fr,F,6-2,200,2005.0,"Saguenay, Que.",Blainville-Boisbriand (QMJHL),st-thomas,, , ,-
Bauer Berry,So,D,6-4,198,2005.0,"Grand Forks, N.D.",Muskegon (USHL),st-thomas,,2024,EDM,7
David Rozsival,Fr,F,6-1,198,2007.0,"Liberec, Czechia",Green Bay (USHL),st-thomas,,2025,NJD,6
Jackson Potulny,Fr,F,6-3,193,2005.0,"Maple Grove, Minn.",El Paso (NAHL),st-thomas,, , ,-
Kade Stengrim,Fr,F,6-4,205,2007.0,"Brainerd, Minn.",Medicine Hat (WHL),st-thomas,, , ,-
Nick Williams,Sr,D,5-10,177,2002.0,"Edina, Minn.",Michigan Tech (CCHA),st-thomas,, , ,-
Kevin Anderson,Gr,F,5-11,180,2003.0,"Regina, Sask.",Princeton (ECAC),st-thomas,, , ,-
Quinn Rudrud,Gr,F,6-2,185,2001.0,"Farmington, Minn.",Augustana (CCHA),st-thomas,, , ,-
Attila Lippai,So,F,5-9,181,2004.0,"St. Paul, Minn.",Tri-City (USHL),st-thomas,, , ,-
Chase Cheslock,Sr,D,6-3,205,2004.0,"Rogers, Minn.",Omaha (USHL),st-thomas,,2023,NJD,5
Andrew ONeill,Fr,F,6-2,190,2007.0,"Fargo, N.D.",Edmonton (WHL),st-thomas,, , ,-
Dylan Godbout,Sr,F,5-11,185,2004.0,"Woodbury, Minn.",Ohio State (B10),st-thomas,, , ,-
Nathan Pilling,So,F,6-4,209,2004.0,"Calgary, Alb.",Seattle (WHL),st-thomas,, , ,-
Carsen Musser,Sr,G,6-4,215,2005.0,"Fairmont, Minn.",Colorado College (NCHC),st-thomas,,2023,ARI,6
Ajay White,Fr,G,6-3,205,2006.0,"Bryn Mawr, Pa.",Fargo (USHL),st-thomas,, , ,-
Mason Vaccari,Fr,G,5-11,182,2005.0,"Mississauga, Ont.",Flint (OHL),stonehill,, , ,-
Adam Mahler,So,D,6-2,215,2004.0,"Ancaster, Ont.",Minot (NAHL),stonehill,, , ,-
Charles Banquier,Sr,D,6-2,200,2002.0,"Oakville, Ont.",Prince George,stonehill,, , ,-
Caden Tremblay,Fr,D,5-10,182,2005.0,"Port Alberni, B.C.",Alberni Valley (BCHL),stonehill,, , ,-
Justin Gibson,Jr,D,6-1,185,2003.0,"Pittsburgh, Pa.",Johnstown (NAHL),stonehill,, , ,-
Hayden Fechner,Fr,F,6-2,185,2005.0,"Edmonton, Alb.",Nanaimo (BCHL),stonehill,, , ,-
JJ Grainda,Sr,F,6-4,212,2002.0,"Carmel, Ind.",Chippewa Steel,stonehill,, , ,-
Wyatt Davis,Fr,D,6-5,204,2005.0,"Cobden, Ont.",Alberni Valley (BCHL),stonehill,, , ,-
Zachary Aben,Jr,F,5-10,192,2003.0,"Shavertown, Pa.",Johnstown (NAHL),stonehill,, , ,-
Leo Chambers,Jr,F,6-1,185,2003.0,"Toronto, Ont.",Steinbach (MJHL),stonehill,, , ,-
Cole Melady,Jr,F,5-10,190,2003.0,"Seaforth, Ont.",Coquitlam (BCHL),stonehill,, , ,-
Billy Renfrew,Jr,F,5-11,182,2003.0,"Fairbanks, Alaska",Northern Michigan (CCHA),stonehill,, , ,-
Luke Lepper,Fr,D,6-0,185,2005.0,"Brandon, Man.",Salmon Arm (BCHL),stonehill,, , ,-
Nikita Ivashchenko,Fr,F,6-1,189,2005.0,"Kharkiv, Ukraine",Blackfalds (BCHL),stonehill,, , ,-
Owen Drury,Fr,F,6-3,210,2005.0,"Newport Beach, Calif.",Maryland (NAHL),stonehill,, , ,-
Pat Murphy,So,F,5-11,190,2005.0,"North Kingstown, R.I.",Chicoutimi (QMJHL),stonehill,, , ,-
Tanner Duncan,Fr,F,5-9,182,2005.0,"Ridgefield, Conn.",Maryland (NAHL),stonehill,, , ,-
Devon Carlstrom,Sr,D,6-2,205,2002.0,"Palm Beach Gardens, Fla.",Aberdeen,stonehill,, , ,-
Jordin Palmer,So,D,6-1,190,2004.0,"Auburn, N.H.",Rochester (NAHL),stonehill,, , ,-
Anthony Galante,Sr,F,5-11,175,2002.0,"Morganville, N.J.",Johnstown,stonehill,, , ,-
Dimitry Kebreau,Jr,F,5-11,195,2003.0,"Silver Spring, Md.",Alaska-Anchorage (D-I Ind.),stonehill,, , ,-
Matthew Rafalski,So,D,6-1,192,2004.0,"Waupaca, Wis.",Bismarck (NAHL),stonehill,, , ,-
Landon Mackie,Fr,F,6-0,197,2006.0,"Victoria, B.C.",Victoria (BCHL),stonehill,, , ,-
Linards Lipskis,Jr,G,6-2,190,2003.0,"Sigulda, Latvia",Wisconsin (NAHL),stonehill,, , ,-
Pierson Haislet,Fr,G,6-0,190,2005.0,"Chicago, Ill.",East Coast Wizards (EHL),stonehill,, , ,-
Jack Gorton,Sr,F,6-3,201,2002.0,"Granite Springs, N.Y.",RPI (ECAC),stonehill,, , ,-
Liam Fitzpatrick,Fr,F,6-0,197,2005.0,"Moose Jaw, Sask.",Brooks (BCHL),stonehill,, , ,-
Ozbej Rep,Fr,D,6-1,192,2005.0,"Jesenice, Slovenia",Prince George (BCHL),stonehill,, , ,-
Dominick Campione,Sr,D,5-11,170,2002.0,"Kohler, Wis.",Brooks,stonehill,, , ,-
Matthew Romer,Sr,F,5-11,188,2002.0,"Chicago, Ill.",Northern Michigan (CCHA),stonehill,, , ,-
Kam Hendrickson,So,G,6-2,185,2006.0,"Chanhassen, Minn.",Waterloo (USHL),uconn,, , ,-
Brendan Dunphy,So,D,6-5,207,2006.0,"San Diego, Calif.",Wenatchee (WHL),uconn,,2025,FLA,7
Jacob Reese,Fr,D,6-0,190,2006.0,"Boston, N.Y.",Sarnia (OHL),uconn,, , ,-
Charlie Morrison,Fr,D,6-3,198,2007.0,"Miramichi, N.B.",Québec (QMJHL),uconn,,2026,NYR,3
Joey Muldowney,Sr,F,5-9,160,2004.0,"Lake View, N.Y.",U.S. Collegiate Selects (Spengler Cup),uconn,,2022,SJS,6
Cole Davis,Fr,F,5-11,190,2006.0,"Sutton, Ont.",Windsor (OHL),uconn,, , ,-
Brittan Alstead,Fr,F,5-9,174,2006.0,"Plymouth, Minn.",Penticton (WHL),uconn,, , ,-
Kai Janviriya,Jr,D,5-8,170,2005.0,"Bloomfield, Mich.",Lincoln (USHL),uconn,, , ,-
Carter Sproule,So,F,6-3,207,2005.0,"Grand Forks, N.D.",Watertown (NAHL),uconn,, , ,-
Ethan Gardula,Jr,F,5-11,174,2005.0,"Princeton, Mass.",Sioux City (USHL),uconn,, , ,-
Colin Frank,Fr,F,5-6,163,2006.0,"Ladera Ranch, Calif.",Dubuque (USHL),uconn,, , ,-
Jeremy Loranger,So,F,5-10,170,2007.0,"Trois-Rivières, Que.",Omaha (NCHC),uconn,,2025,CBJ,7
William McIsaac,Fr,D,6-3,205,2006.0,"Vancouver, B.C.",Spokane (WHL),uconn,,2024,STL,5
Kaden Shahan,Jr,F,5-11,170,2005.0,"Everett, Wash.",Sioux City (USHL),uconn,, , ,-
Trey Scott,Jr,D,5-10,181,2004.0,"Lunenburg, Mass.",Omaha (USHL),uconn,, , ,-
Alexandre Blais,So,F,5-10,176,2005.0,"Longueuil, Que.",Rimouski (QMJHL),uconn,,2024,ANA,4
Jesse Heslop,Fr,F,5-11,179,2006.0,"Nanaimo, B.C.",Everett (WHL),uconn,, , ,-
Carlin Dezainde,So,F,5-11,172,2004.0,"Calgary, Alb.",Swift Current (WHL),uconn,, , ,-
Mike Murtagh,Jr,F,5-11,187,2004.0,"East Greenbush, N.Y.",Nanaimo (BCHL),uconn,, , ,-
Joseph Odyniec,So,F,6-2,201,2004.0,"Washington, D.C.",Coquitlam (BCHL),uconn,, , ,-
Anthony Allain Samake,So,D,6-2,183,2007.0,"Gatineau, Que.",Sioux City (USHL),uconn,,2025,ANA,6
Lirim Amidovski,Fr,F,6-1,171,2006.0,"Alliston, Ont.",North Bay (OHL),uconn,,2025,MIN,4
Veeti Louhivaara,Fr,G,6-4,207,2006.0,"Jyväskylä, Finland",Utica Comets (AHL),uconn,,2024,NJD,5
Ryan Sanborn,So,G,6-2,190,2005.0,"Brookfield, Conn.",Minnesota (NAHL),uconn,, , ,-
Owen Simpson,Sr,D,6-5,190,2003.0,"Toronto, Ont.",Penticton (BCHL),uconn,, , ,-
Ethan Whitcomb,Jr,F,6-4,209,2004.0,"St. Catharines, Ont.",Muskegon (USHL),uconn,, , ,-
Daniel Buchbinder,Jr,D,6-3,194,2004.0,"Clarence Center, N.Y.",Penticton (BCHL),umass-lowell,, , ,-
Dominick Rivelli,Jr,F,5-10,185,2003.0,"Highland Park, Ill.",New Jersey (NAHL),umass-lowell,, , ,-
Félix Plamondon,Fr,D,6-2,183,2006.0,"St-Raymond, Que.",Shawinigan (QMJHL),umass-lowell,, , ,-
Cole Lonsdale,So,F,5-11,170,2004.0,"Mississauga, Ont.",Nanaimo (BCHL),umass-lowell,, , ,-
Jaiden Moriello,Sr,F,6-2,190,2003.0,"Saugus, Mass.",West Kelowna (BCHL),umass-lowell,, , ,-
Anthony Dowd,Sr,D,5-7,150,2003.0,"Point Pleasant Beach, N.J.",Arizona State (NCHC),umass-lowell,, , ,-
Chris Delaney,Jr,F,5-7,155,2004.0,"Hopkinton, Mass.",Madison (USHL),umass-lowell,, , ,-
Tnias Mathurin,So,D,6-3,201,2004.0,"Ajax, Ont.",Windsor (OHL),umass-lowell,,2022,DET,5
Thomas Stewart,Fr,D,6-2,185,2003.0,"Toronto, Ont.",Iowa (ECHL),umass-lowell,, , ,-
Nate Misskey,So,D,6-3,212,2005.0,"Melfort, Sask.",Victoria (WHL),umass-lowell,,2024,SJS,5
Dalyn Wakely,So,F,6-0,198,2004.0,"Port Hope, Ont.",Barrie (OHL),umass-lowell,,2024,EDM,6
David Adaszynski,So,F,5-11,196,2005.0,"Burnaby, B.C.",Calgary (WHL),umass-lowell,, , ,-
Sean Kilcullen,Sr,D,6-0,190,2002.0,"Kensington, Md.",Maryland (NAHL),umass-lowell,, , ,-
Kolin Sisson,Fr,F,5-9,180,2006.0,"Lincoln, R.I.",Fargo (USHL),umass-lowell,, , ,-
Libor Nemec,Jr,F,6-3,187,2003.0,"Bardejov, Slovakia",Green Bay (USHL),umass-lowell,, , ,-
Josh Mori,So,D,5-11,174,2004.0,"Richmond, B.C.",Edmonton (WHL),umass-lowell,, , ,-
Misha Volotovskii,Fr,F,6-2,189,2005.0,"Calgary, Alb.",Vancouver (WHL),umass-lowell,, , ,-
Kuzma Voronin,Fr,F,5-11,174,2006.0,"Yaroslavl, Russia",Moncton (QMJHL),umass-lowell,, , ,-
Joey McGraw,Fr,F,6-2,205,2005.0,"Sugar Land, Texas",Sioux Falls (USHL),umass-lowell,, , ,-
Dominic Payne,Jr,D,6-1,175,2004.0,"North Vancouver, B.C.",Canisius (AHA),umass-lowell,, , ,-
Tobias Pitka,So,F,6-4,221,2006.0,"Poprad, Slovakia",Northern Michigan (CCHA),umass-lowell,, , ,-
Jak Vaarwerk,Sr,F,6-0,180,2003.0,"East Amherst, N.Y.",Des Moines (USHL),umass-lowell,, , ,-
Niko Goich,So,G,6-4,174,2004.0,"Homer Glen, Ill.",Shreveport (NAHL),umass-lowell,, , ,-
Austin Elliott,So,G,6-1,185,2004.0,"Strathmore, Alb.",London (OHL),umass-lowell,, , ,-
Cole Moore,Sr,G,6-6,220,2003.0,"Toronto, Ont.",Bowling Green (CCHA),umass-lowell,, , ,-
Ryan Kroll,So,D,6-1,194,2006.0,"Plainfield, Ill.",Des Moines (USHL),umass-lowell,, , ,-
Nicholas Wellenreiter,Fr,F,5-11,180,2006.0,"Dundas, Ont.",North Bay (OHL),umass-lowell,, , ,-
Jacob MacDonald,Jr,F,6-1,192,2004.0,"Fort Worth, Texas",Lone Star (NAHL),umass-lowell,, , ,-
DJ Hart,Sr,D,6-3,210,2002.0,"Stamford, Conn.",Lincoln (USHL),union,, , ,-
Will Felicio,Jr,D,5-10,175,2006.0,"Holden, Mass.",Michigan (B10),union,, , ,-
Carter Rose,Sr,D,6-2,195,2002.0,"Brasher Falls, N.Y.",Clarkson (ECAC),union,, , ,-
Troy Pelton,So,F,6-1,190,2004.0,"Clifton Park, N.Y.",Corpus Christi (NAHL),union,, , ,-
Jack Henry,Jr,D,6-0,190,2004.0,"Skaneateles, N.Y.",Northeastern (HEA),union,, , ,-
Connor Smith,Jr,F,5-10,185,2003.0,"Hugo, Minn.",Oklahoma (NAHL),union,, , ,-
Alex Laurenza,So,F,5-10,165,2005.0,"Woodbridge, Ont.",Austin (NAHL),union,, , ,-
Tommy Cronin,So,F,5-11,180,2004.0,"Edina, Minn.",Alaska (D-I Ind.),union,, , ,-
Elliot Gulley,Fr,F,5-11,185,2005.0,"Champaign, Ill.",Green Bay (USHL),union,, , ,-
Nathan Free,Fr,F,5-10,170,2006.0,"Calgary, Alb.",Portland (WHL),union,, , ,-
Gavin Garry,Fr,F,6-2,200,2005.0,"Minnetonka, Minn.",Sioux City (USHL),union,, , ,-
Ollie Chessler,So,D,5-10,175,2004.0,"Watertown, Mass.",Bismarck (NAHL),union,, , ,-
Lucas Buzziol,Jr,F,6-0,205,2004.0,"Mississauga, Ont.",Alberni Valley (BCHL),union,, , ,-
Luke Garry,Fr,F,5-11,165,2005.0,"Minnetonka, Minn.",Sioux City (USHL),union,, , ,-
Lefty Markonidis,Fr,F,6-0,190,2005.0,"Hudson, Mass.",Omaha (USHL),union,, , ,-
Drew Sutton,Jr,F,5-9,170,2003.0,"Hortonville, Wis.",Oklahoma (NAHL),union,, , ,-
August Falloon,So,F,6-2,208,2004.0,"St. Cloud, Minn.",Minnesota (B10),union,, , ,-
Tyler Dunbar,Sr,D,6-1,195,2003.0,"Sault Ste. Marie, Mich.",Colorado College (NCHC),union,, , ,-
Jacob Jeannette,Sr,F,6-1,200,2002.0,"Duluth, Minn.",Tri-City (USHL),union,, , ,-
Brady OMalley,Fr,D,6-2,205,2005.0,"Ann Arbor, Mich.",Green Bay (USHL),union,, , ,-
Cooper Sharp,Fr,D,6-1,205,2005.0,"Camrose, Alb.",Sherwood Park (BCHL),union,, , ,-
Riley Brueck,Jr,F,6-2,190,2003.0,"Chesterfield, Mo.",Sioux City (USHL),union,, , ,-
Etienne Lessard,So,D,5-9,170,2004.0,"Blainville, Que.",Lincoln (USHL),union,, , ,-
Brayden Gillespie,So,G,5-11,175,2005.0,"Oakville, Ont.",Guelph (OHL),union,, , ,-
Brendan Holahan,So,G,6-3,185,2004.0,"New Canaan, Conn.",New Mexico (NAHL),union,, , ,-
Cameron Korpi,Jr,G,6-4,175,2004.0,"South Lyon, Mich.",Michigan (B10),union,, , ,-
Luke Buss,Jr,F,5-10,185,2003.0,"Columbus, Ohio",Wisconsin (B10),union,, , ,-
Matej Teply,Fr,D,6-2,195,2005.0,"Stamford, Conn.",Youngstown (USHL),vermont,, , ,-
Andoni Fimis,Fr,D,6-2,187,2006.0,"Richmond Hill, Ont.",London (OHL),vermont,, , ,-
Mathieu Plante,Fr,D,6-2,185,2006.0,"Québec, Que.",Shawinigan (QMJHL),vermont,, , ,-
Peter Forgione,So,D,6-2,215,2004.0,"Burlington, Vt.",Saginaw (OHL),vermont,, , ,-
Michael La Starza,Jr,F,5-11,188,2004.0,"Montréal, Que.",Fargo (USHL),vermont,, , ,-
Max Strand,Jr,F,5-10,175,2003.0,"Roseau, Minn.",Sioux City (USHL),vermont,, , ,-
Zachary Filak,So,F,6-1,185,2004.0,"Northville, Mich.",Sarnia (OHL),vermont,, , ,-
Jonah Aegerter,So,F,5-9,180,2004.0,"Janesville, Wis.",Fargo (USHL),vermont,, , ,-
Blake Steenerson,Jr,F,6-4,210,2005.0,"Maple Grove, Minn.",Tri-City (USHL),vermont,, , ,-
Cam Springer,Fr,F,6-0,185,2006.0,"Dexter, Mich.",Tri-City (USHL),vermont,, , ,-
Tyler Dysart,So,F,5-10,170,2004.0,"Sunnyvale, Calif.",Sioux City (USHL),vermont,, , ,-
Colin Kessler,Jr,F,5-11,175,2004.0,"Anchorage, Alaska",Sioux City (USHL),vermont,, , ,-
Mathias Loiselle,Fr,F,6-5,213,2005.0,"St-Jean-sur-Richelieu, Que.",Québec (QMJHL),vermont,, , ,-
Cedrick Guindon,So,F,5-10,185,2004.0,"Rockland, Ont.",Kingston (OHL),vermont,,2022,MTL,4
Michael Hagens,Jr,D,6-0,183,2005.0,"Hauppauge, N.Y.",Boston College (HEA),vermont,, , ,-
Daniel Sambuco,Sr,F,6-0,208,2003.0,"Springfield, Pa.",Lincoln (USHL),vermont,, , ,-
Felix Lacerte,Fr,F,5-11,176,2006.0,"Trois-Rivières, Que.",Shawinigan (QMJHL),vermont,, , ,-
David Jesus,Jr,D,6-4,196,2002.0,"Toronto, Ont.",Alaska-Anchorage (D-I Ind.),vermont,, , ,-
Logan Renkowski,Fr,F,5-9,181,2005.0,"Nesconset, N.Y.",Sioux Falls (USHL),vermont,, , ,-
Jack Malinski,Sr,D,5-10,167,2002.0,"Lakeville, Minn.",Austin (NAHL),vermont,, , ,-
Duncan Ramsay,Sr,D,6-5,212,2004.0,"Halifax, N.S.",Chiliwack (BCHL),vermont,, , ,-
Matteo Michels,So,F,5-10,170,2005.0,"Colleyville, Texas",Brandon (WHL),vermont,, , ,-
Ethan Burroughs,Jr,F,5-10,190,2003.0,"Oakville, Ont.",St. Francis Xavier (USports),vermont,, , ,-
Dylan Silverstein,Jr,G,6-2,190,2004.0,"Calabasas, Calif.",Quinnipiac (ECAC),vermont,, , ,-
Aiden Wright,So,G,6-1,180,2005.0,"Wake Forest, N.C.",Sioux Falls (USHL),vermont,, , ,-
Cameron Garvey,Jr,F,6-0,181,2002.0,"Oakville, Ont.",Robert Morris (AHA),vermont,, , ,-
Sebastian Törnqvist,Sr,D,5-11,188,2003.0,"Gothenburg, Sweden",Tri-City (USHL),vermont,, , ,-
Jacob Oster,So,G,6-3,214,2004.0,"Manotick, Ont.",Oshawa (OHL),vermont,, , ,-
Michael Neumeier,Jr,D,6-1,200,2003.0,"Kerrobert, Sask.",Colgate (ECAC),western-michigan,, , ,-
Cole Crusberg-Roseen,Sr,D,6-0,195,2002.0,"Stratham, N.H.",Lincoln (USHL),western-michigan,, , ,-
Zaccharya Wisdom,Sr,F,6-0,190,2004.0,"Toronto, Ont.",Colorado College (NCHC),western-michigan,,2023,SEA,7
Theo Wallberg,Sr,D,6-5,215,2003.0,"Stockholm, Sweden",Ohio State (B10),western-michigan,,2022,OTT,6
Zach Nehring,Jr,F,6-5,210,2005.0,"Minot, N.D.",Sioux Falls (USHL),western-michigan,,2023,WPG,3
Adam Benák,Fr,F,5-7,165,2007.0,"Plzen, Czech Republic",Brantford (OHL),western-michigan,,2025,MIN,4
Zack Sharp,Jr,D,6-2,200,2005.0,"Naperville, Ill.",Cedar Rapids (USHL),western-michigan,,2025,SJS,4
Tyler MacKenzie,So,F,5-11,190,2004.0,"Red Deer, Alb.",Everett (WHL),western-michigan,, , ,-
Sam Huck,So,F,5-8,170,2004.0,"Calgary, Alb.",Waterloo (USHL),western-michigan,, , ,-
Jordan Keller,Fr,F,5-11,175,2005.0,"Sapporo, Japan",Kamloops (WHL),western-michigan,, , ,-
Colby Woogk,So,D,6-1,200,2004.0,"Fort Worth, Texas",Tri-City (USHL),western-michigan,, , ,-
Alex Calbeck,So,D,6-1,190,2006.0,"St. Charles, Ill.",Chicago (USHL),western-michigan,, , ,-
Tommy Lafrenière,Fr,F,6-0,190,2007.0,"St-Sauveur, Que.",Bakersfield (AHL),western-michigan,,2025,EDM,3
Ty Henricks,Jr,F,6-5,215,2005.0,"Mission Viejo, Calif.",Muskegon (USHL),western-michigan,,2023,NYR,6
William Whitelaw,Sr,F,5-9,190,2005.0,"Rosemount, Minn.",Youngstown (USHL),western-michigan,,2023,CBJ,3
Bobby Cowan,So,F,5-11,175,2006.0,"Edina, Minn.",Madison (USHL),western-michigan,,2026,NYI,7
Luke McNamara,Fr,F,6-3,185,2005.0,"Mississauga, Ont.",Fargo (USHL),western-michigan,, , ,-
Iiro Hakkarainen,Jr,F,6-0,190,2004.0,"Helsinki, Finland",Fargo (USHL),western-michigan,, , ,-
Edison Engle,Fr,D,6-2,175,2007.0,"Arlington Heights, Ill.",Brantford (OHL),western-michigan,,2025,WPG,6
Garrett Szydlowski,Sr,F,6-0,190,2002.0,"Detroit, Mich.",Wenatchee (BCHL),western-michigan,, , ,-
Cole Spicer,Sr,F,5-11,190,2004.0,"Grand Forks, N.D.",Minnesota-Duluth (NCHC),western-michigan,,2022,BOS,4
Ty Mason,Fr,F,6-0,170,2005.0,"Weyburn, Sask.",Waterloo (USHL),western-michigan,, , ,-
Joona Väisänen,Jr,D,6-1,195,2004.0,"Espoo, Finland",Dubuque (USHL),western-michigan,,2024,PIT,6
Casy Laylin,Jr,F,5-9,175,2004.0,"Sierre, SUI",St. Thomas (NCHC),western-michigan,, , ,-
Quentin Miller,So,G,6-3,180,2004.0,"Montréal, Que.",Denver (NCHC),western-michigan,,2023,MTL,4
Nicholas Sykora,Fr,F,6-0,185,2007.0,"Roseland, N.J.",Owen Sound (OHL),western-michigan,, , ,-
Gavin Moffatt,So,G,6-0,185,2004.0,"Darien, Conn.",Green Bay (USHL),western-michigan,, , ,-
Michael Polston,Jr,G,5-11,175,2004.0,"Cedarburg, Wis.",Long Island (D-I Ind.),western-michigan,, , ,-
Luke Osburn,So,D,6-1,189,2006.0,"Plymouth, Mich.",Youngstown (USHL),wisconsin,,2024,BUF,4
Brent Solomon,Fr,F,6-1,180,2007.0,"Champlin, Minn.",Sioux Falls (USHL),wisconsin,,2025,DET,4
Dylan Compton,So,D,6-0,194,2005.0,"Victoria, B.C.",Northeastern (HEA),wisconsin,, , ,-
Zach Schulz,Sr,D,6-1,195,2005.0,"South Lyon, Mich.",USA U-18 Team (NTDP),wisconsin,,2023,NYI,6
Logan Hensler,Jr,D,6-2,199,2006.0,"Woodbury, Minn.",US U-18 Team (NTDP),wisconsin,,2025,OTT,1
Gavin Morrissey,Jr,F,5-11,190,2003.0,"Dayton, Ohio",Fargo (USHL),wisconsin,, , ,-
Jack Phelan,Jr,D,6-3,197,2004.0,"Hinsdale, Ill.",Sioux Falls (USHL),wisconsin,,2023,DET,5
Chase Jette,Fr,F,5-10,179,2007.0,"Lake Forest, Ill.",Green Bay (USHL),wisconsin,, , ,-
Gavin Uhlenkamp,Fr,F,5-7,170,2006.0,"Chanhassen, Minn.",Fargo (USHL),wisconsin,, , ,-
Joe Palodichuk,Sr,D,6-0,183,2003.0,"Cottage Grove, Minn.",Fargo (USHL),wisconsin,, , ,-
Grady Deering,So,F,6-2,206,2005.0,"Des Moines, Iowa",Waterloo (USHL),wisconsin,, , ,-
Adam Pietila,Jr,F,5-11,190,2003.0,"Howell, Mich.",Youngstown (USHL),wisconsin,, , ,-
Zach Wooten,Fr,F,6-2,207,2006.0,"Apple Valley, Minn.",Green Bay (USHL),wisconsin,,2026,WPG,4
Ryan Botterill,Jr,F,5-11,188,2003.0,"Portage la Prairie, Man.",Youngstown (USHL),wisconsin,, , ,-
John Stout,Fr,D,6-2,207,2006.0,"Minnetonka, Minn.",Madison (USHL),wisconsin,, , ,-
Talan Blanck,Fr,F,5-11,178,2005.0,"Fond du Lac, Wis.",Minnesota (NAHL),wisconsin,, , ,-
Weston Knox,Jr,D,6-0,184,2004.0,"Andover, Minn.",Minot (NAHL),wisconsin,, , ,-
Finn Brink,So,F,5-10,180,2005.0,"Maple Grove, Minn.",Madison (USHL),wisconsin,, , ,-
Alexis Cournoyer,So,G,6-4,206,2005.0,"Trois-Rivières, Que.",Cornell (ECAC),wisconsin,,2025,MTL,5
Daniel Hauser,So,G,5-11,167,2004.0,"Chestermere, Alb.",Calgary (WHL),wisconsin,, , ,-
Xander Miceli,Fr,G,6-4,195,2005.0,"Nashville, Tenn.",Corpus Christi (NAHL),wisconsin,, , ,-
Oliver Tulk,So,F,5-8,174,2005.0,"Gibsons, B.C.",Calgary (WHL),wisconsin,, , ,-
Eetu Orpana,Fr,F,6-1,196,2007.0,"Lempäälä, Finland",Dubuque (USHL),wisconsin,, , ,-
JJ Wiebusch,Jr,F,6-1,185,2004.0,"River Falls, Wis.",Penn State (B10),wisconsin,, , ,-
Bruno Idzan,So,F,6-0,193,2006.0,"Zagreb, Croatia",KHL Sisak (AlpsHL),wisconsin,,2025,OTT,6
Vasily Zelenov,So,F,6-0,195,2006.0,"Moskva, Russia",Green Bay (USHL),wisconsin,,2024,BUF,7
Jack Stark,Sr.,G,5-10,165,,,,Yale,,,,
Henryk Lasky,Fy.,D,6-4,215,,,,Yale,,,,
Dylan Hunt,So.,D,6-1,190,,,,Yale,,,,
Joose Pesonen,So.,D,5-11,176,,,,Yale,,,,
Hudson Miller,So.,D,6-3,215,,,,Yale,,,,
Drew Waterfield,Fy.,F,6-2,200,,,,Yale,,,,
Ronan O'Donnell,Jr.,F,6-3,200,,,,Yale,,,,
Micah Berger,Jr.,F,5-10,180,,,,Yale,,,,
James Shannon,So.,F,5-9,175,,,,Yale,,,,
Hughie Hooker,Jr.,D,5-8,175,,,,Yale,,,,
Will Richter,Sr.,F,6-2,196,,,,Yale,,,,
Iisai Pesonen,Sr.,F,5-11,190,,,,Yale,,,,
Tom Molson,So.,F,5-8,154,,,,Yale,,,,
Eli Friedman,Fy.,F,5-11,175,,,,Yale,,,,
David Andreychuk,Sr.,F,6-1,205,,,,Yale,,,,
Zachary Wagnon,Jr.,F,6-0,185,,,,Yale,,,,
Seiya Tanaka-Campbell,Sr.,F,5-9,175,,,,Yale,,,,
Alex Assadourian,Fy.,F,5-10,180,,,,Yale,,,,
Owen Forester,Sr.,D,5-10,190,,,,Yale,,,,
Kurt Gurkan,So.,F,5-11,185,,,,Yale,,,,
Rhys Bentham,Sr.,D,5-11,185,,,,Yale,,,,
Joe Blackley,Jr.,D,5-10,185,,,,Yale,,,,
Matthew Virgilio,Fy.,D,6-0,200,,,,Yale,,,,
Kyle O'Leary,Fy.,F,6-3,200,,,,Yale,,,,
Donovan Frias,Jr.,F,6-5,225,,,,Yale,,,,
Julian Frias,Jr.,F,6-5,230,,,,Yale,,,,
Braden Keeble,So.,F,5-10,175,,,,Yale,,,,
Noah Pak,Jr.,G,6-0,175,,,,Yale,,,,
Derrick Huang,Fy.,G,5-11,185,,,,Yale,,,,
